Compound,Count,Date,Negative,Neutral,Positive,Tweet Text,User
0.0,0,Tue Jun 26 21:20:15 +0000 2018,0.0,1.0,0.0,"RT @BBC6Music: Did @kanyewest and @theweeknd ""blatantly"" rip off @nineinchnails' live show?

Weds, Noon BST: Nine Inch Nails' @trent_reznor‚Ä¶",@BBC
0.0,1,Tue Jun 26 19:05:08 +0000 2018,0.0,1.0,0.0,"üòéüî•üç¶ Hot temperatures in the UK are expected to last until the weekend.
üëâ https://t.co/ZhZVaKJuqf

#HeatwaveUK https://t.co/smTw2ule2v",@BBC
0.296,2,Tue Jun 26 18:03:06 +0000 2018,0.074,0.792,0.134,"Tonight, @itsanitarani and @bbcnickrobinson ask tough questions about the NHS in a special live event. 

 NHS at 70‚Ä¶ https://t.co/Wu4ECf7qic",@BBC
0.0,3,Tue Jun 26 17:02:02 +0000 2018,0.0,1.0,0.0,How would you feel if the builder only made you half a house? https://t.co/yaWB0USzex,@BBC
0.0,4,Tue Jun 26 16:33:41 +0000 2018,0.0,1.0,0.0,"RT @bbcwritersroom: Tomorrow, Wednesday 27th June is #NationalWritingDay! @writeday

As part of the events we're running a live Twitter Q&amp;A‚Ä¶",@BBC
0.0,5,Tue Jun 26 16:00:15 +0000 2018,0.0,1.0,0.0,üçÖ You can grow tomatoes in Iceland?!   https://t.co/ndmcf1SL8y,@BBC
0.0,6,Tue Jun 26 14:52:03 +0000 2018,0.0,1.0,0.0,"RT @BBCWales: #ToProvideAllPeople: A star-studded film written by @OwenSheers to mark #NHS70.

Starring @MichaelSheen, @TeamEveMyles, @Pack‚Ä¶",@BBC
0.836,7,Tue Jun 26 14:32:33 +0000 2018,0.0,0.683,0.317,"RT @BBCRadio2: To celebrate the anniversary of 1988's second Summer of Love, @djgarydavies, @ZoeTheBall, and @MsAnaMatronic are heading to‚Ä¶",@BBC
0.6114,8,Tue Jun 26 13:12:16 +0000 2018,0.0,0.818,0.182,"RT @BBCR1: Happy Birthday, @ArianaGrande! üéà‚ú®

Here's a throwback to her offering some 10/10 relationship advice to callers on @R1Breakfast‚Ä¶",@BBC
0.0,9,Tue Jun 26 12:58:04 +0000 2018,0.0,1.0,0.0,"üöÑüòΩüéÄ Japan has unveiled a pink bullet train themed around the cartoon character #HelloKitty.
üëâ‚Ä¶ https://t.co/uPA1cevSHt",@BBC
0.5267,10,Tue Jun 26 12:02:04 +0000 2018,0.0,0.673,0.327,"Activist
Poet
Director
Actor
Writer...

...and inspiration https://t.co/oOpo1fJV5K",@BBC
0.0,11,Tue Jun 26 11:02:03 +0000 2018,0.0,1.0,0.0,"üçïüíê Would you say 'I dough' to this pizza bouquet?
üëâ https://t.co/HqnBOtPZlN https://t.co/BJqFMcpWKv",@BBC
0.0,12,Tue Jun 26 09:30:00 +0000 2018,0.0,1.0,0.0,"üåç‚ôªÔ∏èüí•üëä
What will your #PlasticsAction be? https://t.co/QQ1ZBgNyZN",@BBC
-0.2732,13,Tue Jun 26 08:00:16 +0000 2018,0.139,0.861,0.0,Turns out you're biased in all sorts of ways you may not realise. https://t.co/yZ0ziOfX2L,@BBC
-0.7717,14,Tue Jun 26 07:26:08 +0000 2018,0.295,0.705,0.0,"Seabirds are starving to death on the remote Lord Howe Island, a crew filming for the @BBCOne documentary‚Ä¶ https://t.co/XHDOBZn5Yb",@BBC
0.5994,15,Tue Jun 26 07:00:12 +0000 2018,0.0,0.738,0.262,üíï Julie is the childcare champion in the heart of the Gorbals. https://t.co/LcdEhzyTBG,@BBC
0.3612,16,Mon Jun 25 18:03:04 +0000 2018,0.0,0.815,0.185,‚ú® These women are ditching their straighteners and embracing their natural hair. https://t.co/BTgEiHth2E,@BBC
0.0,17,Mon Jun 25 17:31:08 +0000 2018,0.0,1.0,0.0,Two teams of junior doctors from teaching hospitals around Britain go head to head in a medical-themed quiz show. üè•‚Ä¶ https://t.co/1z99Ax1RcK,@BBC
0.2732,18,Mon Jun 25 16:02:03 +0000 2018,0.0,0.769,0.231,"üôåüòÇ Well, that escalated quickly.
#HearHer #LiveAtTheApollo  https://t.co/4Bfa81zCSI",@BBC
-0.5524,19,Mon Jun 25 15:01:34 +0000 2018,0.229,0.771,0.0,RT @BBCTwo: SO much tension between Louis and the Queen! üò¨üëëüá´üá∑ #Versailles https://t.co/mT2tDG3Hen,@BBC
0.3182,20,Mon Jun 25 14:57:32 +0000 2018,0.0,0.839,0.161,RT @BBCTwo: brb just gonna pop inside for some fresh air... ‚òÄÔ∏èüò∞ https://t.co/rlTBirEDF2,@BBC
0.5423,21,Mon Jun 25 13:48:41 +0000 2018,0.0,0.836,0.164,"RT @bbcarts: If you‚Äôre from the North this will make you well up with pride. ‚ù§Ô∏è
@lemnsissay delivers an impassioned reading of the poem he‚Ä¶",@BBC
0.636,22,Mon Jun 25 13:03:07 +0000 2018,0.0,0.656,0.344,"üê∂üòç They're all beautiful in our eyes! 
#WorldsUgliestDog https://t.co/qrQgVqtwt4",@BBC
0.5719,23,Mon Jun 25 12:04:05 +0000 2018,0.0,0.802,0.198,üôåüí™ @ChelseaClinton says it's time we rethink gender stereotypes and work harder to celebrate women. https://t.co/xgejAk33oK,@BBC
0.34,24,Mon Jun 25 11:01:03 +0000 2018,0.104,0.741,0.156,"üìñ‚ú®üå≤ From the Forbidden Forest at Hogwarts to Pooh's Hundred Acre Wood, here are six magical forests we love from ch‚Ä¶ https://t.co/hCU6am8R3o",@BBC
0.0,25,Mon Jun 25 10:12:49 +0000 2018,0.0,1.0,0.0,"üåã Lava from Hawaii's Kilauea volcano creeps closer to more homes. 
 https://t.co/NfFXiwtVy7",@BBC
-0.4215,26,Mon Jun 25 08:03:05 +0000 2018,0.128,0.872,0.0,This headteacher is budgeting to buy hygiene products for pupils as she's found some parents are struggling to affo‚Ä¶ https://t.co/Bm4PrQ8ucC,@BBC
0.0,27,Mon Jun 25 07:26:06 +0000 2018,0.0,1.0,0.0,"ü§ñ What does it mean for AI to have a soul?
üëâ https://t.co/OkxIzH9cA2 https://t.co/XcEYkoIbst",@BBC
-0.6486,28,Mon Jun 25 07:00:13 +0000 2018,0.301,0.699,0.0,Should we bring the woolly mammoth back from the dead? https://t.co/PASQyyoCXW,@BBC
0.0,29,Sun Jun 24 19:03:02 +0000 2018,0.0,1.0,0.0,"Follow the inner workings of @nytimes, one of the most prolific American media outlets, during the first 12 months‚Ä¶ https://t.co/sTcKSPw5QW",@BBC
-0.5574,30,Sun Jun 24 18:32:03 +0000 2018,0.167,0.833,0.0,üöó üá∏üá¶ Women in Saudi Arabia are hitting the road as the country's ban on women driving officially ends. https://t.co/RLv1njCk5t,@BBC
0.5994,31,Sun Jun 24 18:10:27 +0000 2018,0.0,0.755,0.245,"RT @BBCWthrWatchers: Beautiful ""night shining"" clouds, captured by our Weather Watchers #NoctilucentClouds https://t.co/FE9F3YQ3Kd",@BBC
-0.5267,32,Sun Jun 24 18:04:04 +0000 2018,0.195,0.805,0.0,"This. Will. Hurt.

@IdrisElba returns as the inimitable DCI #Luther. Coming soon to @BBCOne. https://t.co/AOmhtLjldy",@BBC
0.6705,33,Sun Jun 24 17:08:05 +0000 2018,0.078,0.658,0.263,"43% of female festival goers under 40 say they've faced unwanted sexual behaviour at a music festival, a new survey‚Ä¶ https://t.co/Wd5gcaHCgH",@BBC
0.0,34,Sun Jun 24 16:02:06 +0000 2018,0.106,0.787,0.106,"Imagine waking up one morning and you've lost the ability to speak or move your hands.
(via @BBCThree) https://t.co/M8IJVGSoE7",@BBC
0.0,35,Sun Jun 24 15:18:03 +0000 2018,0.0,1.0,0.0,"In the aftermath of Hurricane Maria, Michelin-starred @chefjoseandres managed to feed more Puerto Ricans than any g‚Ä¶ https://t.co/HHjrHbsIb8",@BBC
0.5859,36,Sun Jun 24 14:29:47 +0000 2018,0.0,0.826,0.174,"RT @BBCMOTD: #ENG win 6-1 ‚úÖ
On a Sunday ‚úÖ
In the Sun ‚úÖ

Live scenes across England right now ‚òÄüéâ

#ENGPAN https://t.co/pOqaVykdHG",@BBC
0.0,37,Sun Jun 24 14:20:08 +0000 2018,0.0,1.0,0.0,"‚ù§Ô∏èüíç Game of Thrones stars, Rose Leslie and Kit Harington have tied the knot at a ceremony in Aberdeenshire.
üëâ‚Ä¶ https://t.co/VzvDpNHgRO",@BBC
-0.4215,38,Sun Jun 24 13:03:02 +0000 2018,0.135,0.865,0.0,"üíîü¶ç Koko the gorilla sadly passed away this week, aged 46.

This is the story of her life. https://t.co/rIRb7mHpJx",@BBC
0.0,39,Sun Jun 24 12:02:03 +0000 2018,0.0,1.0,0.0,üêõ Did you know there's a whole world on the back of a sloth?  https://t.co/wRWmXa7j4R,@BBC
0.8268,40,Sun Jun 24 11:04:03 +0000 2018,0.0,0.688,0.312,"ü•ëü•ïüåû These summery vegan dishes are perfect for when it's hot (and still delicious when it's not!) 

üëâ‚Ä¶ https://t.co/n8Nra5f9Jl",@BBC
0.2942,41,Sun Jun 24 10:52:39 +0000 2018,0.0,0.897,0.103,"RT @BBCWorld: ""At last!""

Saudi Arabia becomes the last country in the world to allow women to drive. https://t.co/vfOqNTBk9o https://t.co/‚Ä¶",@BBC
0.3612,42,Sun Jun 24 10:03:02 +0000 2018,0.0,0.783,0.217,"Getting ready for #ENG v #PAN like... Ô∏è‚öΩÔ∏èüèÜüí™ @JKCorden #WorldCup 

https://t.co/EbID4RxLuE",@BBC
0.6269,43,Sun Jun 24 09:33:12 +0000 2018,0.0,0.745,0.255,"RT @BBC6Music: Ah, it seems so peaceful @GlastoFest this weekend. (via @bbcsomerset)  https://t.co/JzF0sbDEEh",@BBC
0.34,44,Sun Jun 24 09:04:05 +0000 2018,0.0,0.882,0.118,"Today, England play their first ever match against #WorldCup debutants Panama. ü¶Åü¶Åü¶Å

World Cup 2018: #ENG v #PAN | 1‚Ä¶ https://t.co/rZLcc8qfZ8",@BBC
0.0,45,Sun Jun 24 08:37:50 +0000 2018,0.0,1.0,0.0,"RT @BBCWorld: New Zealand's PM reveals her daughter's name as she leaves hospital in Auckland üë∂üá≥üáø

https://t.co/5E751apfOg https://t.co/Zt7‚Ä¶",@BBC
0.0,46,Sun Jun 24 08:20:08 +0000 2018,0.0,1.0,0.0,"What's happened since #BluePlanet2 first aired and what does Sir David Attenborough think about the response?
üëâ‚Ä¶ https://t.co/Qo4Nu3wQHT",@BBC
0.3182,47,Sun Jun 24 07:01:05 +0000 2018,0.24,0.413,0.347,"‚öΩÔ∏è‚ù§Ô∏è I. Bloody. Love. Football. 
#WorldCup https://t.co/vrmHGAfFYY",@BBC
0.0,48,Sat Jun 23 20:12:00 +0000 2018,0.0,1.0,0.0,"Over the last 50 years, the flesh-footed shearwater population has dropped by 30%.

Plastic is a major cause of the‚Ä¶ https://t.co/KwcWT38E6F",@BBC
0.0,49,Sat Jun 23 19:02:02 +0000 2018,0.0,1.0,0.0,"Live coverage of England's clash with New Zealand in Colorado, USA. üèâ

Rugby League: New Zealand v England | 9pm |‚Ä¶ https://t.co/gNfWK4lAsg",@BBC
0.5719,50,Sat Jun 23 17:06:01 +0000 2018,0.0,0.821,0.179,‚òÄÔ∏èüôå Thousands of people gathered at Stonehenge this week to watch the sunrise and celebrate the #SummerSolstice. https://t.co/f0PA5HYgRK,@BBC
0.7412,51,Sat Jun 23 16:02:02 +0000 2018,0.0,0.614,0.386,"‚öΩüêù Goal!!!
These clever bumblebees have been taught to play football. https://t.co/00fEPKxEYQ",@BBC
0.4019,52,Sat Jun 23 15:00:27 +0000 2018,0.0,0.847,0.153,"üì±‚ôøÔ∏è This 13-year-old made an app to help disabled people find accessible services. 
(via @BBCThree) https://t.co/EkjrhQOFi3",@BBC
0.0,53,Sat Jun 23 14:02:01 +0000 2018,0.0,1.0,0.0,"Unlocking the hidden life of Frida Kahlo.
üëâ https://t.co/g8KqGCs5JX https://t.co/SyRnFXRvNQ",@BBC
0.0,54,Sat Jun 23 12:57:05 +0000 2018,0.0,1.0,0.0,"üé∂üé§Meet the stockbroker who writes hits for @LittleMix and @JessGlynne 

https://t.co/zYl0M4CHcj https://t.co/s8HYxwiDKr",@BBC
0.0,55,Sat Jun 23 12:00:16 +0000 2018,0.0,1.0,0.0,"üé∂ SOUND ON üé∂ 
Below the big blue there is green! üíö
#OurBluePlanet w/ @OceanX https://t.co/E46jJvtmrN",@BBC
0.0,56,Sat Jun 23 11:01:06 +0000 2018,0.0,1.0,0.0,"Faced with extreme weather, Bolivian farmers are going underground.
#BBCTakingTheTemperature https://t.co/ocATWI0jPL",@BBC
0.0,57,Sat Jun 23 10:02:04 +0000 2018,0.143,0.675,0.183,"The ban on microbeads in certain products has begun in England and Scotland.

Here are some natural alternatives so‚Ä¶ https://t.co/vqESNyr5qD",@BBC
0.0,58,Sat Jun 23 09:01:05 +0000 2018,0.0,1.0,0.0,"üòçüêø Baby squirrels grow up so fast! 
#SuperSquirrels https://t.co/NzSE4lUIC8",@BBC
0.2732,59,Sat Jun 23 07:59:02 +0000 2018,0.0,0.86,0.14,There has been a significant fall in the number of cases of HPV following the introduction of a vaccine for young w‚Ä¶ https://t.co/19trkIMZ91,@BBC
0.0,60,Sat Jun 23 07:22:00 +0000 2018,0.0,1.0,0.0,"‚ôªÔ∏èüåçSmall actions can make a big difference. 
#PlasticsAction

https://t.co/AWXUYNJ4e3 https://t.co/9Khy2bq19Z",@BBC
0.6369,61,Fri Jun 22 19:11:28 +0000 2018,0.0,0.741,0.259,"RT @BBCBreakfast: So many reasons to love¬†the #NorthEast of #England.
#Inventions https://t.co/xVseuMG347",@BBC
0.25,62,Fri Jun 22 19:11:15 +0000 2018,0.0,0.913,0.087,"RT @bbcworldservice: Born without a jaw, Isaiah Acosta has never spoken a word, yet he‚Äôs gone on to fulfil his dream of becoming a rapper.‚Ä¶",@BBC
0.0,63,Fri Jun 22 19:10:41 +0000 2018,0.0,1.0,0.0,"RT @bbcstories: Today marks 70 years since the arrival of Caribbean migrants on the Empire Windrush ship to the UK.

 Back in 2018, how has‚Ä¶",@BBC
0.7518,64,Fri Jun 22 19:10:14 +0000 2018,0.0,0.735,0.265,RT @BBCTwo: How long would it take you to demolish this AMAZING burger? üçîüòµ #MillionPoundMenu https://t.co/KH8VHK2rE6,@BBC
0.3612,65,Fri Jun 22 19:09:53 +0000 2018,0.0,0.902,0.098,"RT @BBCFOUR: With over 10,000 credits, Carol Kaye is one of the most prolific bassists of all time ‚Äì and her bragging rights are *amazing*.‚Ä¶",@BBC
0.4215,66,Fri Jun 22 19:04:06 +0000 2018,0.0,0.833,0.167,"‚ù§Ô∏èüêø Meet the sabre-toothed squirrel whose life was saved by an amateur dentist.
üëâ https://t.co/C6gXwp7Yke https://t.co/fp3vGzEW5S",@BBC
-0.3182,67,Fri Jun 22 18:01:05 +0000 2018,0.15,0.85,0.0,"üòÇüëõ Everyone has that one mate who always loses their purse... 
#HearHer #LiveAtTheApollo https://t.co/DinViMhGVm",@BBC
0.0,68,Fri Jun 22 17:00:21 +0000 2018,0.0,1.0,0.0,üêæüê∂üíï Would you give a deaf dog a home? https://t.co/sjbsjOEzqT,@BBC
0.0,69,Fri Jun 22 16:01:00 +0000 2018,0.0,1.0,0.0,"When the weekend's so close you can almost touch it...  üôå #FridayFeeling
 @Camila_Cabello https://t.co/eosSiBxZft",@BBC
0.0,70,Fri Jun 22 13:02:03 +0000 2018,0.0,1.0,0.0,"üòÇüé§ Hello, it's literally me... 
#HearHer https://t.co/7XMLDQMR3B",@BBC
0.0,71,Fri Jun 22 12:03:05 +0000 2018,0.0,1.0,0.0,Questions for a Sikh https://t.co/UhKZNiTRtC,@BBC
-0.34,72,Fri Jun 22 11:00:13 +0000 2018,0.211,0.789,0.0,"Why do only some people get blackout drunk?
üëâ https://t.co/4C8KOCcSsU https://t.co/8S8axGO0F5",@BBC
0.0,73,Fri Jun 22 08:01:04 +0000 2018,0.0,1.0,0.0,"In the aftermath of Hurricane Maria, Michelin-starred @chefjoseandres managed to feed more Puerto Ricans than any g‚Ä¶ https://t.co/SXJJG4hnMG",@BBC
0.6632,74,Fri Jun 22 07:28:05 +0000 2018,0.14,0.482,0.378,"'Always forgive your enemies; nothing annoys them so much.'

Oscar Wilde's best quotes.
üëâ https://t.co/4ldEknyrSW https://t.co/vr8KdzXP89",@BBC
0.0,75,Fri Jun 22 07:00:04 +0000 2018,0.0,1.0,0.0,"'I wax my face every 2 weeks and haven't been able to get pregnant, but I won't let polycystic ovary syndrome defin‚Ä¶ https://t.co/uyNbPpgeY7",@BBC
-0.2023,76,Thu Jun 21 19:03:04 +0000 2018,0.184,0.816,0.0,"üòÇ That time @NoelFielding11 confronted some rowdy teens‚Ä¶
#LiveAtTheApollo https://t.co/tV9SB4r8Yz",@BBC
0.0,77,Thu Jun 21 18:01:06 +0000 2018,0.0,1.0,0.0,üì± Is social media impacting how we express ourselves?  https://t.co/nADRuAW49x,@BBC
0.3134,78,Thu Jun 21 16:42:25 +0000 2018,0.062,0.811,0.127,"RT @bbcthree: What it feels like when you don't want your baby. #HearHer
(turn on your sound) https://t.co/7ErzX8p7Ag",@BBC
0.0,79,Thu Jun 21 16:01:04 +0000 2018,0.0,1.0,0.0,üòç The Scottish coast is incredible! https://t.co/pn2LdiZwdQ,@BBC
0.8074,80,Thu Jun 21 16:00:09 +0000 2018,0.0,0.687,0.313,"RT @BBCRadio4: Activist
Poet
Director
Actor
Writer...
...and inspiration
@Aardman Animations made a beautiful short film about Maya Angelou‚Ä¶",@BBC
-0.7506,81,Thu Jun 21 13:02:34 +0000 2018,0.314,0.686,0.0,"üíîü¶ç Koko the gorilla has sadly died, aged 46.

Here's the story of her life. https://t.co/rIRb7mHpJx",@BBC
0.0,82,Thu Jun 21 12:28:30 +0000 2018,0.0,1.0,0.0,"RT @BBCOne: In 1979, one surgeon was about to make NHS history by performing the UK's first heart transplant. https://t.co/HmUZBE5MLd",@BBC
0.0,83,Thu Jun 21 12:25:47 +0000 2018,0.0,1.0,0.0,"RT @bbcarts: Artistic Director at @royalcourt, @vicfeatherstone, has curated #Snatches - a series of provocative monologues, written and pe‚Ä¶",@BBC
0.7845,84,Thu Jun 21 12:01:06 +0000 2018,0.0,0.699,0.301,Tessa Sanderson was the first British woman to win an Olympic gold medal in the javelin. #HearHer https://t.co/Kqff1C4QSe,@BBC
0.0,85,Thu Jun 21 11:01:04 +0000 2018,0.0,1.0,0.0,"ü•ó What's behind the rise in veganism?
üëâ https://t.co/26dyqv3CWQ https://t.co/KZd2kBVkNW",@BBC
0.0,86,Thu Jun 21 09:55:19 +0000 2018,0.0,1.0,0.0,"‚ù§Ô∏èüë∂ New Zealand's Prime Minister Jacinda Ardern has given birth to a baby girl, making her only the second elected‚Ä¶ https://t.co/7LDkCupd1c",@BBC
0.5719,87,Thu Jun 21 09:13:56 +0000 2018,0.0,0.791,0.209,‚òÄÔ∏è Thousands of people have witnessed the sunrise at Stonehenge to celebrate the #SummerSolstice. https://t.co/f0PA5HYgRK,@BBC
-0.8979,88,Thu Jun 21 08:01:01 +0000 2018,0.442,0.558,0.0,"When a fire at a children's home in Guatemala killed dozens of teenage girls, it exposed a terrifying culture of ab‚Ä¶ https://t.co/saKLWSu1NT",@BBC
0.6114,89,Thu Jun 21 07:45:57 +0000 2018,0.0,0.846,0.154,"‚òÄÔ∏è Happy #SummerSolstice! 
Today has an average of 16h 39m of daylight in the UK - that's 8h 49m more than during t‚Ä¶ https://t.co/Vg1QFQNU0r",@BBC
-0.5106,90,Thu Jun 21 07:27:03 +0000 2018,0.258,0.633,0.109,"üê∏üëÄ Frogs trapped in amber for 99 million years are giving a glimpse of a lost world.
üëâ https://t.co/FP7lgt3bLE https://t.co/W6F1W0PCtI",@BBC
0.6369,91,Thu Jun 21 07:01:04 +0000 2018,0.0,0.656,0.344,üéßüê¶üé∂ Five glorious minutes of a Caribbean dawn chorus. https://t.co/9t1PVkC4Kn,@BBC
0.5994,92,Wed Jun 20 20:02:08 +0000 2018,0.0,0.726,0.274,üé£ @realbobmortimer and Paul Whitehouse share their personal and hilarious life experiences while travelling around‚Ä¶ https://t.co/NeZ1V04R74,@BBC
-0.4019,93,Wed Jun 20 18:00:25 +0000 2018,0.31,0.69,0.0,"üç∑ @Rihanna. Wine glass stealer extraordinaire.
#TheGNShow https://t.co/no25tcxHJj",@BBC
0.4939,94,Wed Jun 20 17:32:05 +0000 2018,0.136,0.593,0.271,"Discover Porthcawl Elvis Festival, the largest Elvis festival in the world... 

Mad About Elvis | 7:30pm | @BBCOne‚Ä¶ https://t.co/JBFFZhtPMD",@BBC
0.0,95,Wed Jun 20 16:00:26 +0000 2018,0.0,1.0,0.0,"Gaming addiction is listed as mental health condition for first time by @WHO.

How much is too much? https://t.co/hB16QHI6B8",@BBC
0.3182,96,Wed Jun 20 14:35:32 +0000 2018,0.0,0.905,0.095,"RT @bbcworldservice: How the promise of dance lessons can keep children in school. 
 
@SunkitYole is just one of the nominees for the Outlo‚Ä¶",@BBC
0.0,97,Wed Jun 20 13:05:22 +0000 2018,0.0,1.0,0.0,RT @bbcthesocial: Salih fled Syria and travelled all the way to Scotland. He designed a tattoo to illustrate his incredible journey üíô #Worl‚Ä¶,@BBC
0.5562,98,Wed Jun 20 13:02:04 +0000 2018,0.0,0.848,0.152,A baby boy who was born on a Paris commuter train has been given free rail travel until he is 25! üë∂üá´üá∑üéâ‚Ä¶ https://t.co/XeAeCBBjLj,@BBC
0.7579,99,Wed Jun 20 12:00:21 +0000 2018,0.0,0.764,0.236,"100 years after women won the right to vote, are we really any closer to true gender equality in 2018? @BBCArts ask‚Ä¶ https://t.co/qrc2yQ5WqF",@BBC
0.5574,0,Mon Jun 25 18:20:25 +0000 2018,0.0,0.796,0.204,The world will finally know the truth. ‚òÑÔ∏è Make sure to tune in to the heart-pounding Season 2 premiere of‚Ä¶ https://t.co/mqMleW90DY,@CBS
0.1867,1,Fri Jun 22 21:19:06 +0000 2018,0.0,0.902,0.098,Tonight's the night! Don't miss model @ashleygraham on the season finale of Celebrity @undercover_cbs at 8/7c. https://t.co/iBxAOcOF7a,@CBS
0.4199,2,Fri Jun 22 18:33:53 +0000 2018,0.0,0.811,0.189,"Every day is #TakeYourDogToWorkDay for shows like @HawaiiFive0CBS, @MomCBS, @SEALTeamCBS, and @bigbangtheory! https://t.co/DJaOt1VQcw",@CBS
0.4926,3,Thu Jun 21 23:29:50 +0000 2018,0.0,0.758,0.242,"Lights, camera, selfie! üì∏¬†Could there be a better photo for #NationalSelfieDay? https://t.co/14Ewx64yKC",@CBS
0.3555,4,Wed Jun 20 00:39:01 +0000 2018,0.136,0.642,0.222,There‚Äôs nothing quite like watching a contestant win a brand new car on @PriceIsRight. üëè  https://t.co/aKlFikYAMM,@CBS
0.0,5,Mon Jun 18 20:27:50 +0000 2018,0.0,1.0,0.0,Time to make your predictions for #BB20! üëè Get to know the @CBSBigBrother Houseguests before the big premiere next‚Ä¶ https://t.co/jlpIchJ9sk,@CBS
0.0,6,Mon Jun 18 15:00:46 +0000 2018,0.0,1.0,0.0,RT @CBSBigBrother: Meet the cast of #BB20... before anyone else! Start streaming all their live interviews beginning at 11am EST/8am PST on‚Ä¶,@CBS
0.9392,7,Sun Jun 17 13:00:01 +0000 2018,0.0,0.507,0.493,"Today and every day we celebrate their love, guidance, and support. Happy #FathersDay to every kind of dad! https://t.co/Wffax1khBH",@CBS
0.3595,8,Fri Jun 15 18:48:29 +0000 2018,0.0,0.872,0.128,"Casting Alert! @paulwesley, @DaniaJRamirez &amp; @JamesWolk are set to star in the upcoming CBS All Access psychologica‚Ä¶ https://t.co/JnZMrzT92n",@CBS
-0.296,9,Thu Jun 14 17:30:00 +0000 2018,0.167,0.833,0.0,"In case you missed it, watch the entire #TonyAwards now: https://t.co/Bm0yNV3Ff3 https://t.co/h3YnFkmSQJ",@CBS
0.1779,10,Thu Jun 14 16:19:32 +0000 2018,0.12,0.734,0.147,RT @StrangeAngel: Mastermind or maniac? Explore the brilliant mind of Jack Parsons in #StrangeAngel. Now streaming on CBS All Access: https‚Ä¶,@CBS
-0.5562,11,Tue Jun 12 00:19:23 +0000 2018,0.315,0.551,0.134,"No pain, no gain, ALL Hart! Just one month until the premiere of @TKOCBS hosted by @KevinHart4real. https://t.co/C1yMCglxVn",@CBS
0.5093,12,Mon Jun 11 22:23:06 +0000 2018,0.0,0.829,0.171,"RT @TheNeighborhood: Welcome to #TheNeighborhood, @BethBehrs! The @2BrokeGirls star returns to @CBS in a new sitcom alongside @CedEntertain‚Ä¶",@CBS
-0.296,13,Mon Jun 11 19:01:38 +0000 2018,0.167,0.833,0.0,"In case you missed it, watch the entire #TonyAwards now: https://t.co/Bm0yNV3Ff3 https://t.co/3GA5otlcPa",@CBS
0.0,14,Mon Jun 11 14:00:37 +0000 2018,0.0,1.0,0.0,How do you know @SaraBareilles and @joshgroban's music? #TonyAwards https://t.co/POMXBORfUT,@CBS
0.0,15,Mon Jun 11 06:19:36 +0000 2018,0.0,1.0,0.0,Here are all the performances from the 2018 #TonyAwards: https://t.co/gN4ItpFlRd https://t.co/fSMNBXKC9r,@CBS
0.4767,16,Mon Jun 11 06:04:41 +0000 2018,0.0,0.78,0.22,See the complete list of winners from the 2018 #TonyAwards: https://t.co/9XK6CGeber https://t.co/HkUIN4Quej,@CBS
0.8478,17,Mon Jun 11 03:10:33 +0000 2018,0.0,0.594,0.406,An end to a magical evening. The Band's Visit wins for Best Musical! #TonyAwards https://t.co/ODza97n8YH,@CBS
0.92,18,Mon Jun 11 03:02:06 +0000 2018,0.0,0.537,0.463,Congratulations are in order for @TheKatrinaLenk! She just won for Best Leading Actress in a Musical. #TonyAwards https://t.co/t9bNvpiEmH,@CBS
0.0,19,Mon Jun 11 02:58:30 +0000 2018,0.0,1.0,0.0,"RT @CBSThisMorning: Hmm... something seems off here @SaraBareilles @JoshGroban. üòÇ

@WaitressMusical @GreatCometBway #TonyAwards https://t.c‚Ä¶",@CBS
0.4404,20,Mon Jun 11 02:56:40 +0000 2018,0.0,0.847,0.153,RT @_stobin13: watching the #TonyAwards after going to 3 broadway shows this weekend makes it even better üòçü§©,@CBS
0.836,21,Mon Jun 11 02:56:10 +0000 2018,0.0,0.533,0.467,Tony Shalhoub wins Best Leading Actor in a Musical. #TonyAwards   #TheBandsVisit https://t.co/KcUDSicKI5,@CBS
0.0,22,Mon Jun 11 02:53:00 +0000 2018,0.0,1.0,0.0,The Boss looks right at home on the #TonyAwards stage! https://t.co/pwjv4iydkn,@CBS
0.6369,23,Mon Jun 11 02:47:29 +0000 2018,0.0,0.682,0.318,RT @Aatamianphoto: Springsteen is on the #TonyAwards and I love it.,@CBS
0.7978,24,Mon Jun 11 02:44:50 +0000 2018,0.0,0.457,0.543,Inspiration: Get to your YES! #OnceOnThisIsland #TonyAwards https://t.co/Wjp0QIWfXq,@CBS
0.9523,25,Mon Jun 11 02:44:37 +0000 2018,0.0,0.45,0.55,The feeling when you win a Tony. üôå¬†Congratulations to Once on This Island for winning Best Revival of a Musical!‚Ä¶ https://t.co/UpFCqgBTwh,@CBS
0.5994,26,Mon Jun 11 02:33:09 +0000 2018,0.0,0.698,0.302,What a beautiful performance by the cast of #TheBandsVisit. #TonyAwards https://t.co/4Hw96kZvrf,@CBS
0.4215,27,Mon Jun 11 02:29:18 +0000 2018,0.0,0.877,0.123,"""I'm a living example of how theatre can change you - and it didn't just change me, it saved me."" @JohnLeguizamo at‚Ä¶ https://t.co/4ICwMhb6hv",@CBS
0.8932,28,Mon Jun 11 02:23:56 +0000 2018,0.0,0.483,0.517,Angels in America takes the win for Best Revival of a Play! #TonyAwards https://t.co/zodW61tw8a,@CBS
0.0,29,Mon Jun 11 02:21:03 +0000 2018,0.0,1.0,0.0,"RT @leahableson: The Once On This Island Goat And Chicken made it to the broadcast, Mama WILL provide #TonyAwards",@CBS
0.0,30,Mon Jun 11 02:16:06 +0000 2018,0.0,1.0,0.0,That performance was the GOAT. #TonyAwards https://t.co/mtoU92HipQ,@CBS
0.8908,31,Mon Jun 11 02:11:03 +0000 2018,0.0,0.509,0.491,Harry Potter and the Cursed Child wins Best Play at the #TonyAwards! @HPPlayNYC https://t.co/WIqJQmtAlN,@CBS
0.0,32,Mon Jun 11 02:05:47 +0000 2018,0.0,1.0,0.0,üé∂ ‚ÄúLet's dance this last dance tonight.‚Äù üé∂ #TonyAwards #DonnaSummerMusical https://t.co/UAIaglChfv,@CBS
0.4926,33,Mon Jun 11 02:03:31 +0000 2018,0.0,0.738,0.262,Hope he brought enough birthday cake for everyone! #TonyAwards https://t.co/FlLbKV6oj8,@CBS
0.5093,34,Mon Jun 11 01:58:48 +0000 2018,0.0,0.477,0.523,@writerlindsayb You're welcome! #TonyAwards,@CBS
0.7579,35,Mon Jun 11 01:53:17 +0000 2018,0.0,0.435,0.565,RT @hjmayer8: I sure do love @DearEvanHansen üíô #TonyAwards,@CBS
0.6467,36,Mon Jun 11 01:51:16 +0000 2018,0.0,0.752,0.248,"RT @Valerie4815: What a birthday present, the Tony audience singing happy birthday to you!! #TonyAwards",@CBS
0.0,37,Mon Jun 11 01:38:23 +0000 2018,0.0,1.0,0.0,If only this performance could go on forever. #TonyAwards @FrozenBroadway https://t.co/p2BMUvyTxr,@CBS
0.636,38,Mon Jun 11 01:37:36 +0000 2018,0.0,0.724,0.276,RT @anna_villanueva: Magnificent performance from the cast of @FrozenBroadway! #TonyAwards2018 #TonyAwards #Tonys,@CBS
0.8834,39,Mon Jun 11 01:30:56 +0000 2018,0.0,0.437,0.563,Glenda Jackson wins Best Leading Actress in a Play. #TonyAwards @threetallwomen https://t.co/GRp1gcBuiW,@CBS
0.0,40,Mon Jun 11 01:29:21 +0000 2018,0.0,1.0,0.0,.@SaraBareilles is totally a Gryffindor. #TonyAwards https://t.co/OPQ7esk2dn,@CBS
0.7351,41,Mon Jun 11 01:26:03 +0000 2018,0.079,0.625,0.296,RT @IzzyNY202: How impressive are these Marjory Stoneman Douglas students? That #TonyAwards performance reduced me to tears. Amazing.,@CBS
0.0,42,Mon Jun 11 01:25:59 +0000 2018,0.0,1.0,0.0,RT @KatLargent: MAGIC #TonyAwards,@CBS
0.0,43,Mon Jun 11 01:24:46 +0000 2018,0.0,1.0,0.0,Such a touching moment at the #TonyAwards. ‚ù§Ô∏è https://t.co/4kJWTHVPZ8,@CBS
0.4019,44,Mon Jun 11 01:24:12 +0000 2018,0.0,0.838,0.162,.@Matt_Morrison welcomes the Marjory Stoneman Douglas High School theatre department to the stage. #TonyAwards https://t.co/5dxa9smeka,@CBS
0.9151,45,Mon Jun 11 01:19:59 +0000 2018,0.0,0.543,0.457,So many feels at the #TonyAwards. Congratulations to @arielstachel for winning Best Featured Actor in a Musical!‚Ä¶ https://t.co/m1aRNIHPRK,@CBS
0.6369,46,Mon Jun 11 01:12:31 +0000 2018,0.0,0.625,0.375,RT @McBenefit: I love everything about you @UzoAduba. #TonyAwards,@CBS
0.1511,47,Mon Jun 11 01:08:28 +0000 2018,0.0,0.898,0.102,RT if that musical number by the cast of Carousel blew you away! #TonyAwards https://t.co/CMzMNtcAQO,@CBS
0.1531,48,Mon Jun 11 01:08:24 +0000 2018,0.0,0.852,0.148,Nathan Lane saw his #AngelsinAmerica role as a challenge. How will you challenge yourself in 2018? #TonyAwards https://t.co/3WXd6AqgBi,@CBS
0.8834,49,Mon Jun 11 01:02:47 +0000 2018,0.0,0.437,0.563,Nathan Lane wins Best Featured Actor in a Play. #TonyAwards @angelsbway https://t.co/xc8M7JtLDE,@CBS
0.0,50,Mon Jun 11 00:58:06 +0000 2018,0.0,1.0,0.0,üåü¬†@joshgroban and @SaraBareilles are Host Goals. üåü #TonyAwards https://t.co/OGQec8cXJ6,@CBS
0.2714,51,Mon Jun 11 00:52:34 +0000 2018,0.0,0.793,0.207,RT @adub369: This is unbelievable! @SaraBareilles and @joshgroban #TonyAwards,@CBS
0.0,52,Mon Jun 11 00:51:11 +0000 2018,0.0,1.0,0.0,Who lives in a pineapple and just performed at The Tonys? üççüé∂ The cast of SpongeBob SquarePants: The Musical!‚Ä¶ https://t.co/mvFxdh9UJi,@CBS
0.8478,53,Mon Jun 11 00:50:18 +0000 2018,0.0,0.494,0.506,‚ú® @LindsayMendez wins Best Featured Actress in a Musical! #TonyAwards @carouselbway https://t.co/MtgFowscN5,@CBS
0.8858,54,Mon Jun 11 00:45:14 +0000 2018,0.0,0.435,0.565,A big congratulations to @springsteen for his Special Tony award! ‚ú®¬†#TonyAwards https://t.co/i16u8uv9aT,@CBS
0.0,55,Mon Jun 11 00:44:36 +0000 2018,0.0,1.0,0.0,Can the 73rd annual #TonyAwards just be three-hours of @TitussBurgess? https://t.co/3rCZwwTUtv,@CBS
0.25,56,Mon Jun 11 00:35:41 +0000 2018,0.0,0.92,0.08,"RT @CBSThisMorning: ""We know there are a lot of you out there who have photos of yourself in school plays or community theater."" Post your‚Ä¶",@CBS
0.4588,57,Mon Jun 11 00:34:45 +0000 2018,0.0,0.833,0.167,Keep your acceptance speeches short or else the #TonyAwards will get the angels involved. #AngelsInAmerica üëº https://t.co/oznhezRzDc,@CBS
0.0,58,Mon Jun 11 00:31:28 +0000 2018,0.0,1.0,0.0,"If you haven't started singing, you will be the rest of the night. #TonyAwards #MyFairLady https://t.co/jbGXwnru8N",@CBS
0.3612,59,Mon Jun 11 00:27:42 +0000 2018,0.0,0.737,0.263,RT @marialena_rago: I like this opener for @MyFairLadyBway #TonyAwards,@CBS
0.8908,60,Mon Jun 11 00:27:00 +0000 2018,0.0,0.43,0.57,Laurie Metcalf wins Best Featured Actress in a Play! #TonyAwards @threetallwomen https://t.co/y4teyJaRPs,@CBS
0.0,61,Mon Jun 11 00:24:31 +0000 2018,0.0,1.0,0.0,Tina Fey has a boat?? #MeanGirls #TonyAwards https://t.co/phYxmHMd3d,@CBS
0.0,62,Mon Jun 11 00:22:15 +0000 2018,0.0,1.0,0.0,Representing the hardest-working men and women in Broadway‚Ä¶¬†ensemble members from every nominated musical tonight!‚Ä¶ https://t.co/imlEEnOUla,@CBS
0.6369,63,Mon Jun 11 00:22:15 +0000 2018,0.0,0.588,0.412,RT @misschae: I love theatre so much. #TonyAwards,@CBS
0.0,64,Mon Jun 11 00:18:16 +0000 2018,0.0,1.0,0.0,On Wednesdays they wear pink and on Sundays they perform at the #TonyAwards. üíï Who thought that performance by the‚Ä¶ https://t.co/w7QDkaX6kF,@CBS
0.6369,65,Mon Jun 11 00:13:27 +0000 2018,0.0,0.756,0.244,"RT @MichaelJMoritz: ""We are all made perfectly and we all belong‚Äù - Andrew Garfield #TonyAwards",@CBS
0.8834,66,Mon Jun 11 00:12:31 +0000 2018,0.0,0.437,0.563,Andrew Garfield wins Best Leading Actor in a Play. #TonyAwards @angelsbway https://t.co/s2VQnw6IPP,@CBS
0.6696,67,Mon Jun 11 00:06:39 +0000 2018,0.0,0.64,0.36,"RT @nightingalen: Love this opening song! @joshgroban
@SaraBarreilles 
#TonyAwards",@CBS
0.0,68,Mon Jun 11 00:04:15 +0000 2018,0.0,1.0,0.0,‚ú® @joshgroban and @SaraBareilles take the stage to begin an unforgettable evening. #TonyAwards https://t.co/y9uzlK2DzO,@CBS
0.0,69,Sun Jun 10 23:59:00 +0000 2018,0.0,1.0,0.0,Grab your popcorn... it's time for the #TonyAwards! Go and stream the entire show now: https://t.co/Wo1algQHix https://t.co/JGYTk4NPDN,@CBS
0.0,70,Sun Jun 10 23:18:15 +0000 2018,0.0,1.0,0.0,‚ú® @thegoodfight's Christine Baranski has arrived on the #TonyAwards red carpet! Watch LIVE at 8/7c on CBS! https://t.co/XnXAnPtRrc,@CBS
0.0,71,Sun Jun 10 22:01:25 +0000 2018,0.0,1.0,0.0,"The hosts have arrived! We're LIVE with @SaraBareilles, @joshgroban and more on the #TonyAwards red carpet hosted b‚Ä¶ https://t.co/NtarbgywLe",@CBS
0.4184,72,Sun Jun 10 15:00:01 +0000 2018,0.0,0.843,0.157,Tonight's the night! Join @etnow's @DDirecto on the #TonyAwards' red carpet starting at 5PM ET! https://t.co/hZLOSiIRAT,@CBS
0.5093,73,Sat Jun 09 21:00:02 +0000 2018,0.0,0.845,0.155,These two know a thing or two about awards! Watch them light up the stage tomorrow at the #TonyAwards. ‚ú® https://t.co/KHVZp65oLS,@CBS
0.0,74,Sat Jun 09 16:00:00 +0000 2018,0.0,1.0,0.0,Here's everything you need to know before watching the #TonyAwards this Sunday at 8/7c: https://t.co/jcRgNGmLUZ https://t.co/8suUhVPFK6,@CBS
0.296,75,Fri Jun 08 19:46:17 +0000 2018,0.0,0.82,0.18,Join @etnow's @DDirecto this Sunday on the #TonyAwards' red carpet. https://t.co/7jS8g10KmY,@CBS
0.0,76,Fri Jun 08 15:00:03 +0000 2018,0.0,1.0,0.0,Here's @laChanze with a reminder that you can stream the #TonyAwards this Sunday on CBS All Access! https://t.co/8TDEXzKmyQ,@CBS
0.9078,77,Fri Jun 08 13:58:15 +0000 2018,0.0,0.564,0.436,"We all get by with a little help from our friends, so what better way to celebrate #NationalBestFriendsDay than to‚Ä¶ https://t.co/pIZezbBwaT",@CBS
0.3612,78,Thu Jun 07 17:03:26 +0000 2018,0.0,0.872,0.128,"Get ready for show-stopping performances by the casts of the 2018 Tony-nominated shows Mean Girls, SpongeBob Square‚Ä¶ https://t.co/NiSx9Bbw0F",@CBS
0.2732,79,Wed Jun 06 21:00:24 +0000 2018,0.105,0.719,0.176,Don‚Äôt miss a special performance from @springsteen this Sunday at the #TonyAwards: https://t.co/LYYdleaFwU https://t.co/IKkKoITH9y,@CBS
0.3595,80,Wed Jun 06 00:08:30 +0000 2018,0.0,0.872,0.128,"RT @CBSThisMorning: .@SaraBareilles and @joshgroban are hosting this Sunday's @TheTonyAwards on @CBS! 

Wednesday, they'll join us LIVE on‚Ä¶",@CBS
-0.4404,81,Tue Jun 05 22:23:35 +0000 2018,0.177,0.723,0.1,"RT @SU2C: SU2C telecast Co-Executive Producer Bradley Cooper sits down with Mitch Carbon, a pediatric cancer survivor who benefited from #S‚Ä¶",@CBS
0.4574,82,Tue Jun 05 22:12:28 +0000 2018,0.0,0.824,0.176,RT @StrangeAngel: About last night... The #StrangeAngel screening party was a blast! Pun intended. üöÄüòè https://t.co/m64EcNmweY,@CBS
0.5093,83,Tue Jun 05 19:00:02 +0000 2018,0.0,0.845,0.155,These CBS stars can really belt it out! Find out which celebs from your favorite shows are pitch-perfect:‚Ä¶ https://t.co/X4zMACFazB,@CBS
0.0,84,Tue Jun 05 15:04:41 +0000 2018,0.0,1.0,0.0,"More stars are set to appear at the #TonyAwards, including @billyjoel, @amyschumer, and @katharinemcphee. See who e‚Ä¶ https://t.co/lPUocBcn9t",@CBS
0.0,85,Mon Jun 04 17:00:00 +0000 2018,0.0,1.0,0.0,"The #TonyAwards are just days away, and @joshgroban and @SaraBareilles will bring all they've got to Broadway's Big‚Ä¶ https://t.co/eKkWn6ClSq",@CBS
-0.3903,86,Fri Jun 01 17:39:17 +0000 2018,0.131,0.807,0.062,"Call us old-fashioned, but we donut want you missing out on #NationalDonutDay! Here are a few treats from us to you‚Ä¶ https://t.co/HpzN8bQ3SO",@CBS
0.8442,87,Fri Jun 01 17:00:03 +0000 2018,0.0,0.664,0.336,Remember @Lin_Manuel‚Äôs beautiful sonnet from the 70th Annual Tony Awards¬Æ? Relive some of the greatest moments in‚Ä¶ https://t.co/IZjeQLd58C,@CBS
0.8932,88,Thu May 31 23:50:00 +0000 2018,0.0,0.545,0.455,"Good friends @joshgroban and @SaraBareilles are hosting the #TonyAwards together? Well, this is bound to be fun! https://t.co/26Vgzp0s2e",@CBS
0.4926,89,Wed May 30 15:07:34 +0000 2018,0.0,0.849,0.151,"The #TonyAwards just got even better because @UzoAduba, @MattBomer, and more stars will be presenting live! Find ou‚Ä¶ https://t.co/hfFBtWo1T9",@CBS
0.0,90,Mon May 28 21:00:01 +0000 2018,0.0,1.0,0.0,"Mark your calendars. @SalvationCBS returns Monday, June 25 at 9/8c! ‚òÑÔ∏è https://t.co/N9pYuhYLRF",@CBS
0.0,91,Mon May 28 02:08:19 +0000 2018,0.0,1.0,0.0,RT @thegoodfight: All episodes of season 2 are now available. Stream #TheGoodFight on CBS All Access: https://t.co/k3tn8kR9KC https://t.co/‚Ä¶,@CBS
0.6239,92,Wed May 23 23:07:38 +0000 2018,0.0,0.789,0.211,Get the popcorn ready! üçø  It's going to be an unforgettable @survivorcbs finale. Make sure to tune in TONIGHT at 8/‚Ä¶ https://t.co/vp0JyqfXMQ,@CBS
0.5859,93,Wed May 23 19:02:43 +0000 2018,0.0,0.826,0.174,"RT @StrangeAngel: Every brilliant mind has a dark side. #StrangeAngel launches June 14, only on CBS All Access. https://t.co/y0MZg1BzEB htt‚Ä¶",@CBS
0.1139,94,Tue May 22 23:19:40 +0000 2018,0.0,0.917,0.083,Prepare yourself. The @NCIS_CBS season finale is unlike any other. Don't miss it TONIGHT at 8/7c. https://t.co/MOH6uiFc0C,@CBS
0.0,95,Tue May 22 20:02:22 +0000 2018,0.0,1.0,0.0,"Summer heats up with @CBSBigBrother, @SalvationCBS, and the brand-new competition series @TKOCBS. Find out when you‚Ä¶ https://t.co/DxE7OnKs17",@CBS
0.0,96,Mon May 21 23:00:01 +0000 2018,0.0,1.0,0.0,Who‚Äôs going to be watching the season finale of @ManWithAPlan tonight? RT if you'll be tuning in at 8:30/7:30c! https://t.co/ARLRtVuGuc,@CBS
0.3382,97,Sun May 20 20:00:00 +0000 2018,0.061,0.808,0.131,The season finale of @MadamSecretary will leave you speechless! Make sure to tune in tonight at 10/9c. https://t.co/hqxkLZsWpl,@CBS
0.1867,98,Sun May 20 17:00:01 +0000 2018,0.0,0.92,0.08,The @NCISLA season finale is going to be a wild ride. Don't miss all of the action starting TONIGHT at 8/7c! https://t.co/PNtUuVf9VQ,@CBS
0.4199,99,Sat May 19 08:00:01 +0000 2018,0.0,0.715,0.285,Retweet if you're ready for the #RoyalWedding! https://t.co/k57NM7OrXn,@CBS
0.128,0,Wed Jun 27 01:15:08 +0000 2018,0.159,0.617,0.225,"These numbers help explain President Trump's travel ban, and how it could play in November https://t.co/1Ndz9oidnS https://t.co/Z3z1qQdKQx",@CNN
0.2263,1,Wed Jun 27 01:00:04 +0000 2018,0.133,0.69,0.177,"The Supreme Court just enabled a network to deceive America's women, writes Ilyse Hogue for @CNNOpinion‚Ä¶ https://t.co/cjb1ZT9uMd",@CNN
0.7096,2,Wed Jun 27 00:45:04 +0000 2018,0.0,0.718,0.282,"It turns out Albert Einstein was pretty smart after all, writes Don Lincoln for @CNNOpinion https://t.co/FKE7WWs2RT https://t.co/Hs6mQs1GA2",@CNN
-0.5719,3,Wed Jun 27 00:36:39 +0000 2018,0.15,0.85,0.0,"RT @AC360: ‚ÄúWho lit the fires of hate and incivility?‚Ä¶ it began with Donald Trump‚Äôs campaign.‚Äù 

Iconic news anchor @DanRather tells @ander‚Ä¶",@CNN
-0.802,4,Wed Jun 27 00:30:07 +0000 2018,0.375,0.625,0.0,"Georgia man gets life in prison for cold case stabbing, dragging death https://t.co/39YyaNmwQD https://t.co/W1GNMQtBOB",@CNN
0.0,5,Wed Jun 27 00:15:02 +0000 2018,0.0,1.0,0.0,"President Trump and his Russian counterpart Vladimir Putin may meet next month in Helsinki, the capital of Finland,‚Ä¶ https://t.co/h6cC72vVyI",@CNN
0.4754,6,Wed Jun 27 00:00:23 +0000 2018,0.0,0.829,0.171,Aston Martin has unveiled the most powerful regular production car the company has ever offered‚Ä¶ https://t.co/1dSgNbOo1Z,@CNN
0.0,7,Tue Jun 26 23:45:04 +0000 2018,0.0,1.0,0.0,The leader of NOAA says climate study remains the agency's priority following reports that it was considering a dra‚Ä¶ https://t.co/yBuhmt3HDM,@CNN
0.3818,8,Tue Jun 26 23:30:38 +0000 2018,0.097,0.746,0.157,"RT @OutFrontCNN: When it comes to defending religious freedom, ‚ÄúI will fight [Trump] in every single way possible,‚Äù Democratic Sen. Cory Bo‚Ä¶",@CNN
0.0,9,Tue Jun 26 23:30:07 +0000 2018,0.0,1.0,0.0,White House press secretary Sarah Sanders is expected to receive Secret Service protection. The move comes after sh‚Ä¶ https://t.co/ADrjgwrp2k,@CNN
0.6115,10,Tue Jun 26 23:15:53 +0000 2018,0.0,0.715,0.285,Uber wins the right to keep operating in London https://t.co/DfiaLiHddx https://t.co/29ZDsRkw0n,@CNN
-0.0572,11,Tue Jun 26 23:04:36 +0000 2018,0.075,0.925,0.0,"Democrats are wary of public shaming: ""I don't want red restaurants and blue restaurants""
https://t.co/qUe5XP5M1r https://t.co/OuDAAstdCG",@CNN
-0.3182,12,Tue Jun 26 22:53:26 +0000 2018,0.133,0.867,0.0,"North Korea's on Trump's travel ban list, but that's not likely to disrupt diplomacy https://t.co/Nb8COVHdAw https://t.co/QeNX4pW1ky",@CNN
-0.3612,13,Tue Jun 26 22:41:11 +0000 2018,0.111,0.889,0.0,Congressional Budget Office projects federal debt could rise to a historic 152% of GDP by 2048 -- the highest in US‚Ä¶ https://t.co/MbvO5UpYtD,@CNN
-0.2263,14,Tue Jun 26 22:29:04 +0000 2018,0.112,0.888,0.0,"""What happened to us should never happen again"": Japanese-American protesters weigh in on travel ruling‚Ä¶ https://t.co/2mArXDNfQO",@CNN
0.0,15,Tue Jun 26 22:17:24 +0000 2018,0.0,1.0,0.0,"A large streak of ""blue"" was found on the Mars 
https://t.co/O73TiS0GA2 https://t.co/7TKMLBCRar",@CNN
0.9217,16,Tue Jun 26 22:05:54 +0000 2018,0.0,0.515,0.485,"President Trump awarded a posthumous Medal of Honor to a member of the greatest generation, then-1st Lt. Garlin Mur‚Ä¶ https://t.co/nmpFBn7ikn",@CNN
-0.7717,17,Tue Jun 26 21:53:53 +0000 2018,0.325,0.675,0.0,"At least 19 people were shot Monday in Chicago, where police for months have touted declining gun violence https://t.co/FRQJ8bL7Py",@CNN
-0.5574,18,Tue Jun 26 21:41:34 +0000 2018,0.184,0.816,0.0,"If you're coming to the US, this is how the travel ban could affect you https://t.co/htB3U0iPEB https://t.co/UeCDHS8p2o",@CNN
0.0,19,Tue Jun 26 21:29:10 +0000 2018,0.0,1.0,0.0,Melania Trump is set for a second trip to immigration facilities https://t.co/4wD0DVYMeS https://t.co/52W3JY322t,@CNN
-0.802,20,Tue Jun 26 21:17:25 +0000 2018,0.325,0.675,0.0,"After finding a gun in a sofa at IKEA, a child fired the loaded weapon in the store, prompting an investigation of‚Ä¶ https://t.co/4AEKCwDNLT",@CNN
-0.5574,21,Tue Jun 26 21:06:17 +0000 2018,0.153,0.847,0.0,Uber's Middle East rival is recruiting Saudi women to take the wheel after a female driving ban was lifted on Sunday https://t.co/Z306TrKnbk,@CNN
0.0772,22,Tue Jun 26 20:55:01 +0000 2018,0.152,0.681,0.168,Mitt Romney is running for Senate as a friend and foe of President Trump https://t.co/5dDiCsmJ6B https://t.co/I7Z2Bp5BHp,@CNN
0.0,23,Tue Jun 26 20:44:24 +0000 2018,0.0,1.0,0.0,Russian pop star at the center of the 2016 Trump Tower meeting story trolls the US https://t.co/VrQcOBhiB1 https://t.co/VmThxs64aY,@CNN
0.1027,24,Tue Jun 26 20:33:14 +0000 2018,0.19,0.595,0.214,Supreme Court finally rejects the infamous Korematsu decision on Japanese-American internment‚Ä¶ https://t.co/BbMKE9ZYFL,@CNN
-0.8225,25,Tue Jun 26 20:21:56 +0000 2018,0.369,0.631,0.0,"Leaking bourbon from a Kentucky distillery accident killed hundreds of fish, the state says
https://t.co/OqTcPcAdN7 https://t.co/nMqMPg1LaQ",@CNN
0.8271,26,Tue Jun 26 20:11:07 +0000 2018,0.12,0.492,0.388,"President Trump awarded a posthumous Medal of Honor to World War II hero Garlin Murl Conner, believed to be the sec‚Ä¶ https://t.co/KPCKlNUyNs",@CNN
0.0,27,Tue Jun 26 20:10:54 +0000 2018,0.0,1.0,0.0,Voters across the US are heading to the polls for Tuesday's primaries. Here's what you need to know.‚Ä¶ https://t.co/vHzj9e6f0U,@CNN
0.0,28,Tue Jun 26 19:59:05 +0000 2018,0.0,1.0,0.0,"The Trump administration expects all countries to reduce their Iranian oil imports to zero or face US sanctions, a‚Ä¶ https://t.co/tfMehPVZcp",@CNN
0.836,29,Tue Jun 26 19:45:41 +0000 2018,0.119,0.489,0.391,"President Trump is awarding a posthumous Medal of Honor to World War II hero Garlin Murl Conor, believed to be the‚Ä¶ https://t.co/eeUlobai2U",@CNN
-0.2732,30,Tue Jun 26 19:37:55 +0000 2018,0.091,0.909,0.0,New York Gov. Andrew Cuomo announced that New York state and more than a dozen other states are suing the federal g‚Ä¶ https://t.co/xbDDM7GtHR,@CNN
-0.5574,31,Tue Jun 26 19:27:07 +0000 2018,0.184,0.816,0.0,"If you're coming to the US, this is how the travel ban could affect you https://t.co/H4I8udOpa1 https://t.co/xGtNjwN2oU",@CNN
0.0,32,Tue Jun 26 19:15:45 +0000 2018,0.132,0.735,0.132,"The first Muslim elected to Congress says the Supreme Court's decision to uphold the travel ban will end up in ""the‚Ä¶ https://t.co/DKEMEx6j4F",@CNN
-0.7574,33,Tue Jun 26 19:04:58 +0000 2018,0.374,0.505,0.121,"""No ban, no wall!"" People chanted in front of the Supreme Court protesting the decision to uphold President Trump's‚Ä¶ https://t.co/7JqboQMPYH",@CNN
-0.3818,34,Tue Jun 26 18:52:28 +0000 2018,0.313,0.505,0.182,Democrats are upset about the Supreme Court upholding the travel ban https://t.co/C6qseMpElZ https://t.co/jE4ywCSz7z,@CNN
0.5719,35,Tue Jun 26 18:41:29 +0000 2018,0.145,0.562,0.293,"President Donald Trump called Tuesday's Supreme Court ruling on the travel ban ""a tremendous success, a tremendous‚Ä¶ https://t.co/qWIco2jrZy",@CNN
-0.802,36,Tue Jun 26 18:30:20 +0000 2018,0.325,0.675,0.0,"After finding a gun in a sofa at IKEA, a child fired the loaded weapon in the store, prompting an investigation of‚Ä¶ https://t.co/zjez8m4krp",@CNN
-0.5574,37,Tue Jun 26 18:15:15 +0000 2018,0.247,0.753,0.0,Americans have been split on Trump's travel ban for a while https://t.co/uUyWT6nkVc https://t.co/S3BExJGO0Q,@CNN
-0.4939,38,Tue Jun 26 18:01:17 +0000 2018,0.198,0.802,0.0,"Cocaine and heroin supplies hit record highs globally, according to new report https://t.co/umd2PebaPQ https://t.co/syzJfUEqY2",@CNN
0.6115,39,Tue Jun 26 17:47:07 +0000 2018,0.0,0.715,0.285,Uber wins the right to keep operating in London https://t.co/dX6bTREYEK https://t.co/39UFufLznl,@CNN
0.0,40,Tue Jun 26 17:35:56 +0000 2018,0.0,1.0,0.0,"Nearly 2 years ago, millions of people witnessed the last moments of Philando Castile‚Äôs life after he was shot by p‚Ä¶ https://t.co/eUGQy52oZG",@CNN
0.5719,41,Tue Jun 26 17:23:34 +0000 2018,0.139,0.579,0.282,"President Trump on the Supreme Court's travel ban ruling: ""A tremendous success, a tremendous victory for the Ameri‚Ä¶ https://t.co/fLWA1fwl7J",@CNN
0.5719,42,Tue Jun 26 17:23:15 +0000 2018,0.139,0.579,0.282,"President Trump on the Supreme Court's travel ban ruling: ""A tremendous success, a tremendous victory for the Ameri‚Ä¶ https://t.co/2SEhkmC4u4",@CNN
0.0,43,Tue Jun 26 17:16:40 +0000 2018,0.0,1.0,0.0,World's most expensive cities for expats in 2018 revealed https://t.co/933Zq73U4h https://t.co/5JYj57rI9f,@CNN
0.4019,44,Tue Jun 26 17:05:34 +0000 2018,0.145,0.602,0.253,5 takeaways from the Supreme Court's monumental ruling in support of Trump's travel ban | Analysis by Chris Cillizz‚Ä¶ https://t.co/bZPjTROCoe,@CNN
0.5574,45,Tue Jun 26 16:54:17 +0000 2018,0.0,0.825,0.175,The Supreme Court sided Tuesday with faith-based pregnancy centers in California in a case that pitted abortion rig‚Ä¶ https://t.co/rT5cDxl0gx,@CNN
0.0,46,Tue Jun 26 16:51:27 +0000 2018,0.0,1.0,0.0,The 55 most over-the-top lines from Donald Trump's South Carolina speech | Analysis by¬†Chris Cillizza‚Ä¶ https://t.co/SAkA6HJ7jt,@CNN
0.0,47,Tue Jun 26 16:36:45 +0000 2018,0.0,1.0,0.0,Steel tariffs could force the US's largest nail manufacturer to close or move to Mexico https://t.co/OmIb7p5XRa,@CNN
-0.4742,48,Tue Jun 26 16:26:18 +0000 2018,0.158,0.769,0.073,Five teenagers who taunted a drowning man as they recorded his death in Florida will not face charges because by la‚Ä¶ https://t.co/romMLKcPBb,@CNN
-0.68,49,Tue Jun 26 16:15:07 +0000 2018,0.367,0.504,0.13,"Protesters are chanting ""No ban, no wall!"" outside the Supreme Court following the decision to uphold President Tru‚Ä¶ https://t.co/WVkLflHiiP",@CNN
-0.5574,50,Tue Jun 26 16:05:06 +0000 2018,0.184,0.816,0.0,"President Trump calls travel ban ruling ""a tremendous victory for the American People and the Constitution""‚Ä¶ https://t.co/knAhrK7MU5",@CNN
-0.5574,51,Tue Jun 26 15:55:00 +0000 2018,0.153,0.847,0.0,Rep. Keith Ellison reacts to the travel ban ruling: ‚ÄúAs long as [Trump] puts a very thin veneer of national securit‚Ä¶ https://t.co/YxZVrTfThl,@CNN
-0.4939,52,Tue Jun 26 15:51:02 +0000 2018,0.198,0.802,0.0,"Cocaine and heroin supplies hit record highs globally, according to new report https://t.co/1cJr92jnZp https://t.co/ZdLcIoyCQI",@CNN
0.1027,53,Tue Jun 26 15:38:32 +0000 2018,0.0,0.931,0.069,"House Speaker Paul Ryan called on Rep. Maxine Waters to apologize for urging opponents of Trump administration to ""‚Ä¶ https://t.co/r6DsDfHnG9",@CNN
-0.7096,54,Tue Jun 26 15:27:08 +0000 2018,0.269,0.731,0.0,"The Trump travel ban restricts entry from the following countries to varying degrees:
‚Ä¢ Iran
‚Ä¢ North Korea
‚Ä¢ Syria‚Ä¶ https://t.co/CwD0dTqgAS",@CNN
-0.9325,55,Tue Jun 26 15:26:17 +0000 2018,0.52,0.43,0.051,JUST IN: Sudan overturns death sentence for teen who killed her rapist husband https://t.co/LRWoxOdggA https://t.co/AtwcWmQgvE,@CNN
0.7003,56,Tue Jun 26 15:14:41 +0000 2018,0.0,0.756,0.244,"""We need to reclaim our values... We're a good nation, we're a good people. And we should be setting a standard on‚Ä¶ https://t.co/14zHoRUeBD",@CNN
0.0,57,Tue Jun 26 15:00:04 +0000 2018,0.198,0.604,0.198,Read the Supreme Court's 5-4 ruling upholding the President's travel ban https://t.co/Xpe22vGafU https://t.co/AhKuYVzbJs,@CNN
-0.0516,58,Tue Jun 26 14:45:11 +0000 2018,0.171,0.667,0.162,Three key quotes from Chief Justice John Roberts' majority opinion from the travel ban ruling https://t.co/4zhSgEv1IP,@CNN
-0.7096,59,Tue Jun 26 14:43:46 +0000 2018,0.237,0.763,0.0,"This is the third version of the travel ban, which restricts entry from seven countries to varying degrees: Iran, N‚Ä¶ https://t.co/8iilYFqARn",@CNN
0.3612,60,Tue Jun 26 14:35:06 +0000 2018,0.0,0.878,0.122,Philippine President Rodrigo Duterte promised to mend fences with the Catholic Church in the wake of scathing comme‚Ä¶ https://t.co/ostSSY0ytk,@CNN
0.0,61,Tue Jun 26 14:21:53 +0000 2018,0.222,0.556,0.222,BREAKING: The Supreme Court has upheld President Trump's travel ban https://t.co/ZuB2RN6ker,@CNN
0.0,62,Tue Jun 26 14:14:45 +0000 2018,0.0,1.0,0.0,President Trump vs. Harley-Davidson: What's really going on? https://t.co/gZVzLq7079,@CNN
-0.5859,63,Tue Jun 26 14:04:12 +0000 2018,0.255,0.745,0.0,"Tesla is trying out an aggressive ""Mad Max"" driving mode in its prototype autopilot feature https://t.co/LgSrIqlmLB",@CNN
-0.7717,64,Tue Jun 26 13:54:05 +0000 2018,0.325,0.675,0.0,"At least 19 people were shot Monday in Chicago, where police for months have touted declining gun violence https://t.co/gX9hFCjE9E",@CNN
0.5719,65,Tue Jun 26 13:40:58 +0000 2018,0.0,0.793,0.207,Sarah Sanders effectively threw her hands up when asked how the Trump administration was going to solve the crisis‚Ä¶ https://t.co/5TkabIuVdD,@CNN
0.296,66,Tue Jun 26 13:30:00 +0000 2018,0.0,0.879,0.121,CNN's Jim Acosta faced both heckling and supportive statements while covering a rally for incumbent South Carolina‚Ä¶ https://t.co/H00a7C7rM5,@CNN
-0.5574,67,Tue Jun 26 13:29:08 +0000 2018,0.153,0.847,0.0,Uber's Middle East rival is recruiting Saudi women to take the wheel after a female driving ban was lifted on Sunday https://t.co/qcFdfzWkg1,@CNN
0.0,68,Tue Jun 26 13:16:55 +0000 2018,0.0,1.0,0.0,Voters across the US are heading to the polls for Tuesday's primaries. Here's what you need to know.‚Ä¶ https://t.co/d9kX6wiJt8,@CNN
-0.6249,69,Tue Jun 26 13:05:01 +0000 2018,0.212,0.788,0.0,"As of Tuesday morning, General Electric is no longer in the Dow. Meet the new kid on the block: Walgreens https://t.co/rWaNEgF3ut",@CNN
0.0,70,Tue Jun 26 12:53:22 +0000 2018,0.0,1.0,0.0,"Hunted and stigmatized, some albinos in Malawi will vie for seats in elections next year https://t.co/JLww4uKKRm https://t.co/RfnhwPLb9q",@CNN
-0.7096,71,Tue Jun 26 12:42:31 +0000 2018,0.344,0.564,0.092,"President Trump's trade battles could escalate into a global disaster, UK Treasury chief says https://t.co/EFAphb7X9O",@CNN
-0.34,72,Tue Jun 26 12:31:18 +0000 2018,0.13,0.87,0.0,A bipartisan report is warning American institutions about future meddling in the US democratic system following th‚Ä¶ https://t.co/PKnXXBpNwZ,@CNN
-0.0772,73,Tue Jun 26 12:20:12 +0000 2018,0.071,0.929,0.0,"Prince William's $5,500-a-night hotel suite in Jerusalem provided him with tea and silver tea strainers specially f‚Ä¶ https://t.co/T7t5yULuRy",@CNN
0.0,74,Tue Jun 26 12:16:35 +0000 2018,0.0,1.0,0.0,RT @cnni: The 2018 #WorldCup is in full swing. Do you have questions about how the tournament is going so far? CNN's @alexthomascnn is with‚Ä¶,@CNN
0.0,75,Tue Jun 26 12:08:30 +0000 2018,0.0,1.0,0.0,"Japan's Princess Ayako announced she's marrying a non-royal, a move that will force her to renounce her royal statu‚Ä¶ https://t.co/XUIBEItTjw",@CNN
0.0,76,Tue Jun 26 11:57:20 +0000 2018,0.0,1.0,0.0,"Catholic Church suspends priest who rapped sermons, saying ""the use of rap music is not allowed in preaching""‚Ä¶ https://t.co/6xjDJT2kWi",@CNN
0.4767,77,Tue Jun 26 11:43:56 +0000 2018,0.0,0.853,0.147,An engineered version of poliovirus improved the overall survival rate of patients with a lethal form of brain canc‚Ä¶ https://t.co/y7BqZb2m7P,@CNN
0.4215,78,Tue Jun 26 11:39:19 +0000 2018,0.065,0.787,0.148,"General Electric is spinning off its health care business, shrinking itself even further to pay down a mountain of‚Ä¶ https://t.co/kzCqlCiSIA",@CNN
0.0,79,Tue Jun 26 11:26:27 +0000 2018,0.0,1.0,0.0,Australia is spending billions on unmanned spy drones https://t.co/Du5chZ0Srd https://t.co/w4lYS8ZhsG,@CNN
0.0,80,Tue Jun 26 11:16:12 +0000 2018,0.0,1.0,0.0,Could pills soon replace insulin shots for diabetes patients? Here's a look at the latest research:‚Ä¶ https://t.co/dDI966dPHT,@CNN
-0.4588,81,Tue Jun 26 11:07:43 +0000 2018,0.143,0.857,0.0,"To defeat Trump in 2020, Democrats will need:
‚Ä¢Exciting candidates and big ideas
‚Ä¢First-rate ground game
‚Ä¢Strong fu‚Ä¶ https://t.co/6dE1D6sdMX",@CNN
0.0,82,Tue Jun 26 10:59:24 +0000 2018,0.0,1.0,0.0,This 13th century illustration of a cockatoo suggests that trade off the coast of Australia was occurring much earl‚Ä¶ https://t.co/BSelSiAB7J,@CNN
-0.4588,83,Tue Jun 26 10:49:37 +0000 2018,0.13,0.87,0.0,A Latino man and his mother who were doing yard work in California were verbally attacked by a woman who called the‚Ä¶ https://t.co/Xxc2zjFr93,@CNN
0.5267,84,Tue Jun 26 10:40:06 +0000 2018,0.0,0.841,0.159,The conservative bloc under Chief Justice John Roberts has made it plain that concerns about race discrimination si‚Ä¶ https://t.co/JqIJzsEi4B,@CNN
0.3612,85,Tue Jun 26 10:28:14 +0000 2018,0.0,0.884,0.116,One of Canada's biggest music festivals is on pause because of a small bird and her nest of four eggs‚Ä¶ https://t.co/aHFGwq2GSw,@CNN
0.0,86,Tue Jun 26 10:16:33 +0000 2018,0.0,1.0,0.0,McDonald's and Starbucks are among dozens of companies caught in a crackdown on plastics in India https://t.co/NgmApTcL9a,@CNN
-0.296,87,Tue Jun 26 10:04:55 +0000 2018,0.109,0.891,0.0,Rescuers continue to search a partially flooded cave complex where 12 missing boys and their soccer coach are thoug‚Ä¶ https://t.co/0GR0RgN39v,@CNN
0.0,88,Tue Jun 26 09:53:35 +0000 2018,0.0,1.0,0.0,The US is cracking down on North Korea's army of overseas workers https://t.co/ByceUDIdz2 https://t.co/5hFv9gPGxt,@CNN
0.0,89,Tue Jun 26 09:42:19 +0000 2018,0.0,1.0,0.0,The oil and gas industry is coming for Colorado's sand dunes https://t.co/mirY5GEYgq via @CNNOpinion https://t.co/YJe3gTvoyj,@CNN
-0.4019,90,Tue Jun 26 09:31:10 +0000 2018,0.124,0.876,0.0,"Her doctor said it was all in her head. It wasn't. 

It was POTS: a little-known disorder causing heart palpitation‚Ä¶ https://t.co/Oa7A4y3V7i",@CNN
0.0,91,Tue Jun 26 09:20:08 +0000 2018,0.0,1.0,0.0,"More than 8,000 acres burned by wildfires in Northern California https://t.co/1pn4MaJvuN https://t.co/nMFaIr9dFq",@CNN
-0.7184,92,Tue Jun 26 08:51:49 +0000 2018,0.375,0.625,0.0,A child fired a loaded gun he found in a couch at IKEA https://t.co/ebreAtWIEA https://t.co/6b1tINtget,@CNN
-0.4588,93,Tue Jun 26 08:26:42 +0000 2018,0.16,0.777,0.063,Nigeria has overtaken India as the country with the largest number of people living in extreme poverty https://t.co/AMMCaPdEIm,@CNN
-0.765,94,Tue Jun 26 08:02:17 +0000 2018,0.375,0.625,0.0,Entire police force of Mexico town detained after mayoral candidate's assassination https://t.co/JrTKDzfpDv https://t.co/g8gAqO8ptJ,@CNN
-0.4588,95,Tue Jun 26 07:38:23 +0000 2018,0.13,0.87,0.0,A Latino man and his mother who were doing yard work in California were verbally attacked by a woman who called the‚Ä¶ https://t.co/bc4ILulfwQ,@CNN
0.0,96,Tue Jun 26 07:30:07 +0000 2018,0.0,1.0,0.0,"The elaborate customized cars of Japan's ""lowriding"" subculture https://t.co/bxOLz1u9xc https://t.co/oT5YVsK4xI",@CNN
-0.4939,97,Tue Jun 26 07:27:02 +0000 2018,0.242,0.758,0.0,Doctor in Spain faces court over Franco-era 'stolen babies' https://t.co/ZxQ3pS3Jx8 https://t.co/VSOT6VMfEa,@CNN
0.0,98,Tue Jun 26 07:15:25 +0000 2018,0.0,1.0,0.0,Heathrow gets go ahead to become world's biggest airport https://t.co/prm8lcOYC5 via @CNNTravel https://t.co/q0uBmd41m4,@CNN
0.4019,99,Tue Jun 26 07:00:05 +0000 2018,0.0,0.69,0.31,FDA approves first cannabis-based drug https://t.co/JrR4eQ9qSI https://t.co/R7HKTtCfGN,@CNN
-0.4767,0,Wed Jun 27 01:18:00 +0000 2018,0.171,0.829,0.0,.@TuckerCarlson: The Country Badly Needs the Adults on the Left to 'Rein in the Mob' https://t.co/iQ7YcurMBK,@FoxNews
0.0,1,Wed Jun 27 01:10:00 +0000 2018,0.0,1.0,0.0,"On #TheStory, @RepAndyBiggsAZ said that while he is ‚Äúall for passion‚Äù and ‚Äúcommitment to your principles and debate‚Ä¶ https://t.co/kjQ13FxZIH",@FoxNews
-0.0772,2,Wed Jun 27 01:03:11 +0000 2018,0.126,0.874,0.0,Deputy exposed to fentanyl via flyer placed on vehicle https://t.co/hC6meqRp8Z,@FoxNews
-0.5719,3,Wed Jun 27 00:54:00 +0000 2018,0.271,0.64,0.089,Dogs sniffing out drugs in the mail are important weapons in fight against opioid epidemic. https://t.co/cskRlOpFQ9,@FoxNews
-0.4404,4,Wed Jun 27 00:44:06 +0000 2018,0.302,0.698,0.0,Activist group cancels 'die-in' protest scheduled at Walt Disney World. https://t.co/8eKT8C6WqK,@FoxNews
0.0,5,Wed Jun 27 00:35:26 +0000 2018,0.0,1.0,0.0,Body found at home of NY Giants star Janoris Jenkins. https://t.co/3KuUUUQi2U,@FoxNews
0.0,6,Wed Jun 27 00:28:32 +0000 2018,0.0,1.0,0.0,Michael Grimm aims for redemption in House race. https://t.co/1AJKqnAxxr,@FoxNews
0.2263,7,Wed Jun 27 00:25:53 +0000 2018,0.0,0.917,0.083,".@NickFoles: ""I know when I'm going through [a] trial, God's always trying to teach me something and allow me to gr‚Ä¶ https://t.co/Ovkbz1s8to",@FoxNews
0.7672,8,Wed Jun 27 00:22:59 +0000 2018,0.0,0.662,0.338,"‚ÄúSARAH SANDERS WELCOME ANY TIME.""

This New York restaurant put a sign up welcoming @PressSec. https://t.co/m121zNckT8",@FoxNews
0.0,9,Wed Jun 27 00:20:00 +0000 2018,0.0,1.0,0.0,Oakland residents call police on black firefighter doing his job. https://t.co/vBxTtr9Rcn,@FoxNews
-0.8402,10,Wed Jun 27 00:12:36 +0000 2018,0.474,0.526,0.0,"Dozens of illegal immigrants abandoned by smugglers in Arizona, Border Patrol says. https://t.co/hVue18hGco",@FoxNews
0.0,11,Wed Jun 27 00:08:02 +0000 2018,0.0,1.0,0.0,".@NickFoles: ""Sometimes we get an identity in what we do, and it's not really who we are. It's a part of who we are‚Ä¶ https://t.co/Z48tAfSkpd",@FoxNews
0.6369,12,Wed Jun 27 00:06:35 +0000 2018,0.0,0.781,0.219,DOJ watchdog report sheds light on the love lives of two more anti-Trump FBI employees. https://t.co/XhFRDZDdsb,@FoxNews
0.4019,13,Wed Jun 27 00:03:25 +0000 2018,0.0,0.816,0.184,".@NickFoles: ""Once we executed it, the 'Philly Special' came to life."" #TheStory https://t.co/hyiojJeofr",@FoxNews
0.0,14,Wed Jun 27 00:02:00 +0000 2018,0.0,1.0,0.0,Polls close in South Carolina as Gov. McMaster faces a runoff. https://t.co/Eirz4O4afo,@FoxNews
0.9041,15,Tue Jun 26 23:59:59 +0000 2018,0.0,0.588,0.412,".@NickFoles on @Eagles Super Bowl win: ""Preparing for the game with my teammates I was really confident. We played‚Ä¶ https://t.co/S8kwFEsxYn",@FoxNews
-0.3818,16,Tue Jun 26 23:54:27 +0000 2018,0.133,0.867,0.0,".@LindseyGrahamSC: ""I think @JohnBrennan has shown a dislike for the president that questions whether or not he act‚Ä¶ https://t.co/7v4xtYwPWd",@FoxNews
0.0,17,Tue Jun 26 23:48:12 +0000 2018,0.0,1.0,0.0,".@LindseyGrahamSC: ""The person in charge of the #Clinton email investigation, Mr. Strzok, and Ms. Page were in the‚Ä¶ https://t.co/SyvwP95VM3",@FoxNews
0.0387,18,Tue Jun 26 23:43:43 +0000 2018,0.11,0.733,0.157,"Mike German: ""Let's focus on those very few people who are actually posing a problem and not impose a hardship on t‚Ä¶ https://t.co/FQsg77A1Ea",@FoxNews
-0.5574,19,Tue Jun 26 23:37:03 +0000 2018,0.175,0.825,0.0,".@MorriseyWV on travel ban: ""This is the right decision. President @realDonaldTrump has stood up for national secur‚Ä¶ https://t.co/gDUzlhW6yh",@FoxNews
0.6808,20,Tue Jun 26 23:27:28 +0000 2018,0.0,0.752,0.248,".@RepAndyBiggsAZ: ""I'm all for passion. I'm all for commitment to your principles and debate and discourse, and som‚Ä¶ https://t.co/DxBzQWWlAN",@FoxNews
0.0,21,Tue Jun 26 23:20:54 +0000 2018,0.0,1.0,0.0,"Senator @ChrisCoons: ""I do think that [@RepMaxineWaters] should be saying, 'That wasn't an appropriate statement an‚Ä¶ https://t.co/l2XxNlJk4x",@FoxNews
0.0,22,Tue Jun 26 23:11:40 +0000 2018,0.0,1.0,0.0,"Senator @ChrisCoons: ""It's a little bit harder to throw a punch at someone on the floor if you start the day holdin‚Ä¶ https://t.co/eKLiCdLOFJ",@FoxNews
0.0,23,Tue Jun 26 23:05:00 +0000 2018,0.0,1.0,0.0,"Two Detroit @Tigers stars and Cuba natives, Leonys Martin and Jose Iglesias, were among a group of people who were‚Ä¶ https://t.co/97LOYAvsYK",@FoxNews
0.3818,24,Tue Jun 26 23:01:43 +0000 2018,0.097,0.728,0.175,Demonstrators protest the U.S. Supreme Court‚Äôs decision to uphold the latest version of President Trump's controver‚Ä¶ https://t.co/EmE6fuVhZn,@FoxNews
0.0,25,Tue Jun 26 22:51:41 +0000 2018,0.0,1.0,0.0,A preview of the GOP Senate primary race in Utah ahead of the polls closing. #SpecialReport https://t.co/OKSHweINSH,@FoxNews
0.0,26,Tue Jun 26 22:36:24 +0000 2018,0.0,1.0,0.0,'Naked' passenger jumped off plane onto tarmac at Atlanta airport. https://t.co/KvIjo0oHcA,@FoxNews
0.0,27,Tue Jun 26 22:19:20 +0000 2018,0.0,1.0,0.0,"'The Red Hen' restaurant that kicked out @PressSec Sarah Sanders on Friday will remain closed until next week, and‚Ä¶ https://t.co/mDkrhiQkmA",@FoxNews
0.128,28,Tue Jun 26 22:06:36 +0000 2018,0.143,0.677,0.18,"Police officer slashed, security guard shot during rampage in Japan. https://t.co/7UoVVosp6E",@FoxNews
0.5423,29,Tue Jun 26 22:00:11 +0000 2018,0.0,0.667,0.333,.@GregGutfeld on starting a new peace movement. #TheFive https://t.co/Z7E4rUTiVa,@FoxNews
-0.765,30,Tue Jun 26 21:58:53 +0000 2018,0.292,0.708,0.0,"NTSB: Tesla was going 116 mph at time of fatal Florida accident, battery pack reignited twice afterwards. https://t.co/rkKHQsxsJz",@FoxNews
0.2263,31,Tue Jun 26 21:52:18 +0000 2018,0.179,0.547,0.274,"Chicago bar apologizes for 'MAGA' hats, face tattoos ban, says 'everyone is welcome' https://t.co/87Q9qksMos",@FoxNews
-0.5719,32,Tue Jun 26 21:42:25 +0000 2018,0.236,0.764,0.0,.@BritHume: Maxine Waters contributes to the poisonous atmosphere in Washington. (via @foxnewsopinion) https://t.co/AKcMlVLFyP,@FoxNews
0.0,33,Tue Jun 26 21:34:51 +0000 2018,0.0,1.0,0.0,"Woman allegedly had boyfriend punch her in stomach to terminate pregnancy, police say. https://t.co/4GEqYFXP5W",@FoxNews
-0.2263,34,Tue Jun 26 21:31:29 +0000 2018,0.211,0.65,0.138,Spirit Airlines passenger has erratic outburst during emergency landing. https://t.co/uZhdQiMKpW,@FoxNews
-0.3182,35,Tue Jun 26 21:22:38 +0000 2018,0.204,0.796,0.0,Massachusetts police release lost Rottweiler after family ‚Äòposts bail‚Äô https://t.co/7HxyIEmky4,@FoxNews
0.0,36,Tue Jun 26 21:17:00 +0000 2018,0.0,1.0,0.0,"A new supervolcano is brewing under Massachusetts, Vermont and New Hampshire. https://t.co/ZSWkWXFvYY",@FoxNews
-0.4939,37,Tue Jun 26 21:12:27 +0000 2018,0.286,0.714,0.0,"Texas hospital blast, collapse reported amid construction expansion https://t.co/AjVitRyzeo",@FoxNews
-0.7351,38,Tue Jun 26 21:08:50 +0000 2018,0.237,0.763,0.0,".@TheJuanWilliams: ""I do think that we are out of control in terms of the mockery, the bullying, the kind of attitu‚Ä¶ https://t.co/salb5FIwbf",@FoxNews
0.5574,39,Tue Jun 26 21:06:43 +0000 2018,0.0,0.825,0.175,"At a meeting with members of Congress, @POTUS talked about the Supreme Court ruling upholding the travel ban.‚Ä¶ https://t.co/m1Qj4rWjTN",@FoxNews
0.0,40,Tue Jun 26 21:02:16 +0000 2018,0.0,1.0,0.0,.@cvpayne: Harley-Davidson Using Trump's Tariffs as 'Cover' for Moving Production Overseas https://t.co/l7kvNIcqwF,@FoxNews
-0.2263,41,Tue Jun 26 21:00:39 +0000 2018,0.117,0.819,0.064,North Dakota mayor moves to abolish town government to prevent white supremacists from taking over. https://t.co/5xoICCaPxI,@FoxNews
0.0,42,Tue Jun 26 20:35:05 +0000 2018,0.0,1.0,0.0,THURSDAY: @BretBaier and @marthamaccallum moderate the Florida GOP gubernatorial debate at 6:30p ET on Fox News Cha‚Ä¶ https://t.co/jeTfhRQeLY,@FoxNews
0.2716,43,Tue Jun 26 20:25:14 +0000 2018,0.0,0.851,0.149,.@shelbyholliday: ‚ÄúI think politically this is an extremely important decision.‚Äù https://t.co/YJoYrCncJe #Cavuto https://t.co/r5fq1iFewi,@FoxNews
-0.5106,44,Tue Jun 26 20:18:40 +0000 2018,0.202,0.798,0.0,.@Theonlyhonest: ‚ÄúI think the court here failed to look at intent.‚Äù https://t.co/YJoYrCncJe #Cavuto https://t.co/29ALvyHVg0,@FoxNews
0.0,45,Tue Jun 26 20:12:54 +0000 2018,0.209,0.581,0.209,.@Judgenap reacts to the Supreme Court travel ban ruling https://t.co/YJoYrCncJe #Cavuto https://t.co/z5sqrWWGnv,@FoxNews
0.743,46,Tue Jun 26 20:04:46 +0000 2018,0.0,0.717,0.283,".@POTUS presents the Medal of Honor to Pauline Conner, widow of 1st Lt. Garlin Murl Conner. https://t.co/wQVVkvWWsb https://t.co/DAiLGSndyf",@FoxNews
0.743,47,Tue Jun 26 19:59:29 +0000 2018,0.0,0.741,0.259,".@POTUS on Medal of Honor recipient Garlin Murl Conner: ""As bullets flew all around him, Lt. Conner directed artill‚Ä¶ https://t.co/MShdzAiMYu",@FoxNews
0.6705,48,Tue Jun 26 19:58:10 +0000 2018,0.0,0.784,0.216,".@POTUS: ""Lt. Garlin Murl Conner was indeed a giant in his daring, in his devotion, in his duty. He was larger than‚Ä¶ https://t.co/gnt3UIWdEQ",@FoxNews
0.4019,49,Tue Jun 26 19:46:59 +0000 2018,0.12,0.669,0.211,".@POTUS on Medal of Honor recipient 1st LT Garlin Murl Conner: ""Although he died 20 years ago today, he takes his r‚Ä¶ https://t.co/wRXy1YOreh",@FoxNews
0.743,50,Tue Jun 26 19:40:49 +0000 2018,0.0,0.717,0.283,".@POTUS presents the Medal of Honor to Pauline Conner, widow of 1st LT Garlin Murl Conner. https://t.co/nPFamuw1qD https://t.co/Tg0i7T8SvW",@FoxNews
0.0,51,Tue Jun 26 19:38:30 +0000 2018,0.0,1.0,0.0,Blacktip shark mysteriously appears in Texas neighborhood. https://t.co/ZaRspCIaMA,@FoxNews
0.4939,52,Tue Jun 26 19:33:08 +0000 2018,0.154,0.513,0.333,OPINION: Supreme Court Trump travel ban decision is an important victory for our national security. https://t.co/SUjhrpckOI,@FoxNews
0.0,53,Tue Jun 26 19:17:00 +0000 2018,0.0,1.0,0.0,Democratic candidates revolt against Pelosi in House races across the country. https://t.co/TZTpc9PsRd,@FoxNews
-0.2732,54,Tue Jun 26 19:11:19 +0000 2018,0.104,0.896,0.0,JUST IN: 17 states and D.C. are suing the Trump administration over separation of families at the border.‚Ä¶ https://t.co/8awYZL2ld9,@FoxNews
0.0,55,Tue Jun 26 19:05:00 +0000 2018,0.0,1.0,0.0,"Hackers are selling babies' personal data on the Dark Web.
https://t.co/kAXbrXX2mn",@FoxNews
0.5106,56,Tue Jun 26 19:00:03 +0000 2018,0.0,0.82,0.18,Rescue boat carrying hundreds of migrants allowed to dock in Malta after standoff with Italy https://t.co/HiT12hAVAx,@FoxNews
-0.3612,57,Tue Jun 26 18:55:00 +0000 2018,0.275,0.582,0.143,North Carolina firefighters help family struggling to fill pool by using fire hose https://t.co/14cGBcqibn,@FoxNews
0.7269,58,Tue Jun 26 18:50:00 +0000 2018,0.0,0.567,0.433,"Good Samaritan, police save would-be jumper from Wisconsin overpass https://t.co/oecm84bQJ6",@FoxNews
0.5267,59,Tue Jun 26 18:43:26 +0000 2018,0.184,0.459,0.357,Chief Justice Roberts on Supreme Court travel ban ruling @dailybriefing https://t.co/YJoYrCncJe https://t.co/ZysXFysi7g,@FoxNews
0.0,60,Tue Jun 26 18:40:00 +0000 2018,0.0,1.0,0.0,David Lynch pens letter to Trump: 'It's not too late to turn the ship around' https://t.co/IJofeAeYbC,@FoxNews
0.8158,61,Tue Jun 26 18:35:42 +0000 2018,0.0,0.623,0.377,"‚ÄùI think most Americans would like increased border security.‚Äù

@LindseyGrahamSC reacts to the Supreme Court travel‚Ä¶ https://t.co/PapGSz9OS3",@FoxNews
0.5574,62,Tue Jun 26 18:21:15 +0000 2018,0.0,0.825,0.175,"OPINION: Supreme Court NIFLA decision is major victory for pro-life groups and women, vindication for First Amendme‚Ä¶ https://t.co/teV9Elhpx9",@FoxNews
0.4939,63,Tue Jun 26 18:16:28 +0000 2018,0.0,0.824,0.176,.@POTUS admin bids to save coal plant by forcing Arizona utility to buy its power https://t.co/6SwGkLQpyA,@FoxNews
-0.4939,64,Tue Jun 26 17:51:36 +0000 2018,0.122,0.878,0.0,"RT @FoxBusiness: .@POTUS: ""We're the bank. We're the bank that everybody wants to steal from and plunder. And it can't be that way anymore.‚Ä¶",@FoxNews
0.5984,65,Tue Jun 26 17:51:26 +0000 2018,0.0,0.698,0.302,"RT @FoxBusiness: .@POTUS: ""Tariffs can be a very positive thing."" https://t.co/tMKPay5m7S",@FoxNews
0.0,66,Tue Jun 26 17:50:00 +0000 2018,0.0,1.0,0.0,"'Cowards' placed boy, 7, underwater in bathtub as parents watch during home invasion, sheriff says (via @travfed) https://t.co/sDMPUSjZS1",@FoxNews
0.34,67,Tue Jun 26 17:43:58 +0000 2018,0.161,0.579,0.26,.@POTUS to present Medal of Honor to widow of World War II veteran Garlin Murl Conner https://t.co/7rh24QU5XA,@FoxNews
0.7003,68,Tue Jun 26 17:38:52 +0000 2018,0.0,0.691,0.309,"Veteran, fianc√©e win 'dream wedding' in auction after couple calls it quits (via @JaninePuhak) https://t.co/xK5K2D4fCX",@FoxNews
0.1531,69,Tue Jun 26 17:37:33 +0000 2018,0.0,0.89,0.11,.@POTUS: ‚ÄúI want people to come into our country because our country is doing so well‚Ä¶ We need workers. So I want p‚Ä¶ https://t.co/c8mVTx0w7f,@FoxNews
0.0,70,Tue Jun 26 17:27:00 +0000 2018,0.0,1.0,0.0,.@POTUS: ‚ÄúWe need the border wall.‚Äù https://t.co/vC0LlK3xuU,@FoxNews
-0.1779,71,Tue Jun 26 17:26:19 +0000 2018,0.21,0.615,0.174,OPINION: @TomFitton: Maxine Waters should be investigated for encouraging violence against Trump officials https://t.co/JrhylQtKtZ,@FoxNews
-0.6249,72,Tue Jun 26 17:25:00 +0000 2018,0.24,0.76,0.0,.@POTUS: ‚ÄúWe have the worst immigration laws in the history of the world.‚Äù https://t.co/wWlzhkhkJ6,@FoxNews
0.0,73,Tue Jun 26 17:10:50 +0000 2018,0.0,1.0,0.0,.@POTUS: ‚ÄúWe‚Äôve started the wall.‚Äù https://t.co/UCHxxcdbDg,@FoxNews
0.6369,74,Tue Jun 26 17:07:32 +0000 2018,0.0,0.755,0.245,".@POTUS: ‚ÄúI will always be defending the sovereignty, the safety and the security of the American people.‚Äù https://t.co/TwwTwQ82BT",@FoxNews
0.8074,75,Tue Jun 26 17:07:09 +0000 2018,0.0,0.657,0.343,".@POTUS: ‚ÄúToday‚Äôs Supreme Court ruling, just coming out, a tremendous success, a tremendous victory for the America‚Ä¶ https://t.co/quDe6Li9Na",@FoxNews
0.0,76,Tue Jun 26 17:02:48 +0000 2018,0.209,0.581,0.209,.@POTUS delivers remarks after the Supreme Court upholds the travel ban. https://t.co/jI7FsRRhLR,@FoxNews
0.5574,77,Tue Jun 26 17:02:04 +0000 2018,0.0,0.816,0.184,"Earlier, Attorney General Jeff Sessions released a statement about the Supreme Court upholding the Trump travel ban‚Ä¶ https://t.co/B5yJbpMZ6u",@FoxNews
-0.0772,78,Tue Jun 26 16:51:45 +0000 2018,0.178,0.667,0.156,Philippine President Rodrigo Duterte under fire after calling God ‚Äòstupid‚Äô https://t.co/rCiyrVExQy,@FoxNews
0.0,79,Tue Jun 26 16:46:30 +0000 2018,0.0,1.0,0.0,Oklahoma Democrat caught removing congressional opponent's campaign signs ahead of primary https://t.co/nHp31SDGka,@FoxNews
-0.4215,80,Tue Jun 26 16:35:45 +0000 2018,0.387,0.423,0.19,"Netherlands approves limited ban on Islamic veils, robes https://t.co/8MhXfm4w4r",@FoxNews
0.0,81,Tue Jun 26 16:24:28 +0000 2018,0.188,0.625,0.188,Expecting remarks from President @realDonaldTrump after Supreme Court votes to uphold travel ban https://t.co/b3uGCNRxJ3,@FoxNews
-0.6369,82,Tue Jun 26 16:22:06 +0000 2018,0.271,0.729,0.0,"Veteran protesting treatment by VA sets himself on fire near Georgia State Capitol, police say https://t.co/uXfVtUPFj4",@FoxNews
-0.34,83,Tue Jun 26 16:06:24 +0000 2018,0.112,0.888,0.0,Firefighters salute as a van carrying the body of Long Beach Fire Capt. Dave Rosa passes them during a procession o‚Ä¶ https://t.co/h2ARS1V3MF,@FoxNews
0.0,84,Tue Jun 26 16:03:02 +0000 2018,0.155,0.69,0.155,"Moments ago, @SenSchumer released a statement about the Supreme Court upholding the Trump travel ban on some Muslim‚Ä¶ https://t.co/x6RzfGDPmP",@FoxNews
0.0516,85,Tue Jun 26 15:56:41 +0000 2018,0.207,0.575,0.218,".@JudgeNap on SCOTUS Upholding Travel Ban: 'Ringing, Uncompromising' Win for Trump https://t.co/4uchKJLso1",@FoxNews
0.6705,86,Tue Jun 26 15:52:41 +0000 2018,0.0,0.703,0.297,"RT @FoxBusiness: Australia‚Äôs richest person to invest $2B in US, create 5,000 high-paying jobs https://t.co/w4SLboxWMp",@FoxNews
0.0,87,Tue Jun 26 15:52:33 +0000 2018,0.0,1.0,0.0,"RT @FoxBusiness: American money flowing back into America
https://t.co/Qz66Xm0jCj",@FoxNews
0.5574,88,Tue Jun 26 15:52:23 +0000 2018,0.0,0.816,0.184,"Moments ago, the White House released a statement from President @realDonaldTrump about the U.S. Supreme Court upho‚Ä¶ https://t.co/oTlodkUzm8",@FoxNews
0.5574,89,Tue Jun 26 15:37:07 +0000 2018,0.0,0.66,0.34,.@POTUS statement on Supreme Court ruling https://t.co/YJoYrCncJe https://t.co/u92IucAiyO,@FoxNews
0.0,90,Tue Jun 26 15:27:51 +0000 2018,0.237,0.526,0.237,Supreme Court upholds travel ban; @ShannonBream reports https://t.co/YJoYrCncJe @AmericaNewsroom https://t.co/nPgnItqZuk,@FoxNews
-0.0516,91,Tue Jun 26 15:21:28 +0000 2018,0.24,0.577,0.183,"JUST IN: Reality Winner, former NSA contractor who‚Äôs accused of leaking documents, pleaded guilty https://t.co/oiQ23zPF3c",@FoxNews
0.5574,92,Tue Jun 26 15:17:34 +0000 2018,0.0,0.783,0.217,".@Judgenap: ‚ÄúThe trial courts are bound by the Supreme Court‚Äôs ruling today."" https://t.co/YJoYrCncJe‚Ä¶ https://t.co/4BjaB5mcO6",@FoxNews
0.0,93,Tue Jun 26 15:11:54 +0000 2018,0.0,1.0,0.0,.@Judgenap: ‚ÄúIf a person believes that they should not be subject to the order‚Ä¶you can make an application to an ap‚Ä¶ https://t.co/QCid1PBh0e,@FoxNews
0.0,94,Tue Jun 26 15:06:57 +0000 2018,0.0,1.0,0.0,.@Judgenap: ‚ÄúExecutive orders signed by Donald Trump and any subsequent president will be interpreted only on the b‚Ä¶ https://t.co/6O7MRhl8hw,@FoxNews
0.0,95,Tue Jun 26 15:01:12 +0000 2018,0.209,0.581,0.209,.@Judgenap reacts to Supreme Court ruling on travel ban https://t.co/YJoYrCncJe @AmericaNewsroom https://t.co/4XvwSzBbN6,@FoxNews
-0.4767,96,Tue Jun 26 14:58:13 +0000 2018,0.324,0.541,0.135,.@POTUS travel ban: Timeline of a legal journey https://t.co/LtKm2Lur4i,@FoxNews
0.0,97,Tue Jun 26 14:55:45 +0000 2018,0.155,0.69,0.155,"Moments ago, Rep. @keithellison released a statement about the Supreme Court upholding the Trump travel ban on some‚Ä¶ https://t.co/f8OYb5oXvx",@FoxNews
0.0,98,Tue Jun 26 14:44:52 +0000 2018,0.0,1.0,0.0,.@CHueyBurns on @POTUS: ‚ÄúI‚Äôm wondering if he will even try to go further with this.‚Äù https://t.co/YJoYrCncJe‚Ä¶ https://t.co/Fo4rGFOQpx,@FoxNews
0.0,99,Tue Jun 26 14:39:21 +0000 2018,0.198,0.604,0.198,Marie Harf reacts to Supreme Court ruling on travel ban https://t.co/YJoYrCncJe @AmericaNewsroom https://t.co/46wiVXOd61,@FoxNews
0.0,0,Wed Jun 27 01:16:04 +0000 2018,0.0,1.0,0.0,New York election live results https://t.co/W1brYeuDiQ,@NYTimes
0.0,1,Wed Jun 27 01:02:06 +0000 2018,0.0,1.0,0.0,Evening Briefing: Here's what you need to know at the end of the day https://t.co/D8N8myKu0V,@NYTimes
0.0,2,Wed Jun 27 00:47:03 +0000 2018,0.0,1.0,0.0,"Breweries throw out millions of pounds of used grain every day, but in a commercial kitchen in Long Island City, Qu‚Ä¶ https://t.co/7E9A7rx6uD",@NYTimes
0.0,3,Wed Jun 27 00:37:01 +0000 2018,0.0,1.0,0.0,"Mississippi election live results
https://t.co/8mw98cxWn2",@NYTimes
0.0,4,Wed Jun 27 00:26:06 +0000 2018,0.0,1.0,0.0,Oklahoma election live results https://t.co/n9yRdqFHeI,@NYTimes
-0.7783,5,Wed Jun 27 00:17:07 +0000 2018,0.254,0.746,0.0,RT @nytimesworld: A Japanese blogger had just finished a talk about dealing with Internet trolls when he was stabbed to death by a man susp‚Ä¶,@NYTimes
0.0,6,Wed Jun 27 00:00:06 +0000 2018,0.0,1.0,0.0,"Kevin Moore, a black firefighter in Oakland, has had the following happen to him while on duty in recent weeks: Res‚Ä¶ https://t.co/nMHWUjWyZV",@NYTimes
0.0,7,Tue Jun 26 23:47:06 +0000 2018,0.0,1.0,0.0,"South Carolina primary runoff election live results
https://t.co/lZkuM0HmEi",@NYTimes
0.0,8,Tue Jun 26 23:41:43 +0000 2018,0.0,1.0,0.0,"RT @nytgraphics: Live results for elections in 7 states:

New York https://t.co/hra5Ctq5eO
Colorado https://t.co/4Ym66gWYJL
Maryland https:‚Ä¶",@NYTimes
0.0,9,Tue Jun 26 23:32:04 +0000 2018,0.0,1.0,0.0,General Electric is bidding farewell to its days as a conglomerate. Its CEO is radically reshaping it into a ‚Äúsimpl‚Ä¶ https://t.co/bY7OhDHWbZ,@NYTimes
-0.4215,10,Tue Jun 26 23:17:03 +0000 2018,0.113,0.887,0.0,RT @nytpolitics: ‚ÄúWhat we‚Äôre seeing here is the standard process of Trump launching a series of lies into our media ecosystem and then watc‚Ä¶,@NYTimes
0.0,11,Tue Jun 26 23:02:07 +0000 2018,0.0,1.0,0.0,"There's a lot of trash in the ocean these days. But which of these items is most frequently found on beaches?
‚Ä¢ Str‚Ä¶ https://t.co/c9S1j3u8TK",@NYTimes
0.0,12,Tue Jun 26 22:47:01 +0000 2018,0.0,1.0,0.0,Evening Briefing: Here's what you need to know at the end of the day https://t.co/oGWjTEu9lT,@NYTimes
-0.3595,13,Tue Jun 26 22:32:02 +0000 2018,0.172,0.828,0.0,‚ÄúWe have a Haring!‚Äù A Keith Haring mural comes out of hiding in Amsterdam. https://t.co/6j5TSmeoWf,@NYTimes
-0.7096,14,Tue Jun 26 22:17:03 +0000 2018,0.237,0.763,0.0,"Senator Rand Paul has sued a neighbor who attacked him in his front yard last year, seeking damages to compensate f‚Ä¶ https://t.co/TGaSv1AWs4",@NYTimes
-0.3818,15,Tue Jun 26 22:02:03 +0000 2018,0.184,0.708,0.108,A famed consulting firm. A huge contract. We examine the roots of McKinsey‚Äôs disastrous gamble in South Africa. https://t.co/HXu56lhe3X,@NYTimes
0.3182,16,Tue Jun 26 21:47:03 +0000 2018,0.079,0.788,0.133,RT @NYTMetro: Public housing successfully endured New York City‚Äôs most turbulent eras. We combed through our photo archives for forgotten i‚Ä¶,@NYTimes
0.0,17,Tue Jun 26 21:33:37 +0000 2018,0.0,1.0,0.0,.@NYTSports Editor Jason Stallman scored 51.8% ... seems beatable.,@NYTimes
-0.296,18,Tue Jun 26 21:31:42 +0000 2018,0.095,0.905,0.0,Something missing here? We removed the ‚öΩÔ∏ès from these World Cup photos. See if you can guess where they once were.‚Ä¶ https://t.co/lQ8dqEbLFc,@NYTimes
-0.6249,19,Tue Jun 26 21:20:08 +0000 2018,0.177,0.823,0.0,"Remember the ""ecce homo"" painting in Spain that was called one of the worst restoration projects in modern history?‚Ä¶ https://t.co/T4fU3CJI4L",@NYTimes
0.6249,20,Tue Jun 26 21:10:06 +0000 2018,0.125,0.569,0.306,"Lindsay Lohan says she's in a better place now. ""I‚Äôm a normal, nice person. A good person. I don‚Äôt have any bad int‚Ä¶ https://t.co/okC0kcCgu1",@NYTimes
0.2023,21,Tue Jun 26 20:55:02 +0000 2018,0.121,0.685,0.194,"RT @UpshotNYT: We were looking for a fair system that encouraged attacking soccer, with a few constraints about what FIFA could realistical‚Ä¶",@NYTimes
0.0,22,Tue Jun 26 20:51:37 +0000 2018,0.0,1.0,0.0,RT @MichaelPaulson: The Secret Life of Sven: How a speechless reindeer is brought to life in Broadway's ‚ÄúFrozen.‚Äù https://t.co/mMgHP3aqTg h‚Ä¶,@NYTimes
-0.5106,23,Tue Jun 26 20:40:08 +0000 2018,0.29,0.58,0.13,Your laptop is probably dirty and gross. It might be time to clean it. https://t.co/19C67OvCaN,@NYTimes
0.34,24,Tue Jun 26 20:28:05 +0000 2018,0.096,0.746,0.158,Republicans' hardball tactics to stop President Obama's Supreme Court nominee in 2016 paid off today with rulings o‚Ä¶ https://t.co/GLjYVVsqdi,@NYTimes
0.6249,25,Tue Jun 26 20:18:01 +0000 2018,0.0,0.788,0.212,"We spent 3 days with Kanye West in Wyoming. He was calm, measured, verging on beatific, and also self-aware and wil‚Ä¶ https://t.co/9dt7ivi3Wn",@NYTimes
0.0,26,Tue Jun 26 20:14:33 +0000 2018,0.0,1.0,0.0,Croatia eliminated Iceland from the World Cup with a 2-1 victory https://t.co/zgSMj2KQN3,@NYTimes
0.2732,27,Tue Jun 26 20:08:03 +0000 2018,0.0,0.877,0.123,"It was an afternoon of ‚ÄúGod, fashion and politics or God, politics and fashion, whichever‚Äù https://t.co/TRXksDGoNi",@NYTimes
-0.2263,28,Tue Jun 26 19:58:04 +0000 2018,0.1,0.837,0.063,The arrest warrant for Rosa Parks shows that it took the police a couple of tries to settle on legal language descr‚Ä¶ https://t.co/pHehixKGv7,@NYTimes
0.0,29,Tue Jun 26 19:57:04 +0000 2018,0.0,1.0,0.0,Lionel Messi and Argentina took a dramatic and unlikely path to advance from the World Cup's group stage https://t.co/3duhtbFUSN,@NYTimes
-0.296,30,Tue Jun 26 19:48:08 +0000 2018,0.128,0.796,0.075,Iceland‚Äôs Viking Thunder Clap is meant to conjure the spirit of ancient invaders from harsh volcanic lands. But the‚Ä¶ https://t.co/bvgJ8HUowd,@NYTimes
0.0,31,Tue Jun 26 19:38:03 +0000 2018,0.0,1.0,0.0,"RT @NYTMetro: The congressional primary on Tuesday is merely the first of two for New York voters, who will also go to the polls in Septemb‚Ä¶",@NYTimes
0.0,32,Tue Jun 26 19:28:03 +0000 2018,0.0,1.0,0.0,"In Opinion

Op-Ed columnist @michelleinbklyn writes, ""The right‚Äôs revulsion against a black president targeted by b‚Ä¶ https://t.co/rT4bIARi90",@NYTimes
0.4404,33,Tue Jun 26 19:18:07 +0000 2018,0.0,0.873,0.127,RT @NYTScience: We're finally starting to get a good look at the Ryugu asteroid as Japan's Hayabusa2 spacecraft slowly approaches it https:‚Ä¶,@NYTimes
-0.296,34,Tue Jun 26 19:08:05 +0000 2018,0.136,0.864,0.0,China‚Äôs government has turned its censors against an unlikely target: its own economic policies https://t.co/zn0mg4U5WS,@NYTimes
-0.4215,35,Tue Jun 26 18:58:05 +0000 2018,0.118,0.882,0.0,RT @AndrewDasNYT: So @andrewkeh found a Mexican college student who showed up in Russia with a sombrero but no match tickets. A story of op‚Ä¶,@NYTimes
0.25,36,Tue Jun 26 18:49:05 +0000 2018,0.0,0.875,0.125,RT @MaggieAstor: Got a question about @nytimes political coverage? Here's your chance to ask @patrickhealynyt https://t.co/vhr3hdjnHG,@NYTimes
0.0,37,Tue Jun 26 18:48:55 +0000 2018,0.149,0.702,0.149,"RT @peterbakernyt: In upholding travel ban, Supreme Court majority rules that president‚Äôs statutory power over immigration is not undermine‚Ä¶",@NYTimes
0.0,38,Tue Jun 26 18:48:04 +0000 2018,0.143,0.714,0.143,"Sonia Sotomayor in her dissent of the Supreme Court's travel ban decision, lashed out at President Trump, quoting a‚Ä¶ https://t.co/0160x3OYQx",@NYTimes
0.0,39,Tue Jun 26 18:38:04 +0000 2018,0.0,1.0,0.0,Argentina must beat Nigeria or Lionel Messi‚Äôs 2018 World Cup is over. Live updates: https://t.co/yUgXY3yBCj,@NYTimes
0.0,40,Tue Jun 26 18:18:04 +0000 2018,0.0,1.0,0.0,"RT @nytfood: The goal, according to industry analysts, is to ‚Äúuncottage‚Äù cottage cheese ‚Äî or, as one dairy executive put it, ‚ÄúChobani it‚Äù h‚Ä¶",@NYTimes
-0.4588,41,Tue Jun 26 18:08:02 +0000 2018,0.125,0.875,0.0,"In order for Iceland to advance, the team must defeat Croatia. Their World Cup fate also depends on the results of‚Ä¶ https://t.co/UXnUAzHrsx",@NYTimes
0.0,42,Tue Jun 26 18:00:50 +0000 2018,0.0,1.0,0.0,We deleted this earlier tweet because it should have said President Trump's nomination of Neil Gorsuch https://t.co/abjWu2doow,@NYTimes
0.0,43,Tue Jun 26 17:58:06 +0000 2018,0.155,0.69,0.155,"With the Supreme Court's travel ban and abortion rulings, the consequences of President Trump's nomination of Neil‚Ä¶ https://t.co/Otl1L3LT91",@NYTimes
0.8218,44,Tue Jun 26 17:58:06 +0000 2018,0.087,0.607,0.306,"RT @NYTScience: If these researchers can find the most super of the ""super coral,"" they might be able to use it to restore threatened reefs‚Ä¶",@NYTimes
-0.1027,45,Tue Jun 26 17:48:05 +0000 2018,0.092,0.833,0.075,These photos from the World Cup are missing one important element ‚Äì the ball. See if you can guess where it was.‚Ä¶ https://t.co/DNXIQHW1RS,@NYTimes
-0.2755,46,Tue Jun 26 17:28:06 +0000 2018,0.095,0.905,0.0,An oral history of the rise and fall of New York City's public housing ‚Äî because it wasn't always like this https://t.co/fPBtB36xaW,@NYTimes
-0.6369,47,Tue Jun 26 17:18:07 +0000 2018,0.269,0.641,0.09,"David Goldblatt, who documented the oppressive racial dynamics of South Africa during apartheid and after, died on‚Ä¶ https://t.co/4f02CnIuhI",@NYTimes
0.4404,48,Tue Jun 26 17:08:04 +0000 2018,0.0,0.888,0.112,This is not how Argentina‚Äôs World Cup was supposed to go. The team now must beat Nigeria to have any hope of advanc‚Ä¶ https://t.co/w9LKDY9aph,@NYTimes
-0.743,49,Tue Jun 26 16:59:59 +0000 2018,0.301,0.551,0.148,"RT @nytopinion: In the travel ban case, the Supreme Court's 5-4 majority turned a blind eye to racism by invoking legal rules that give the‚Ä¶",@NYTimes
-0.4404,50,Tue Jun 26 16:58:06 +0000 2018,0.132,0.868,0.0,RT @MitchKSmith: President Trump is not letting up on his criticism of Wisconsin-based Harley-Davidson's plans to move more production over‚Ä¶,@NYTimes
0.2023,51,Tue Jun 26 16:43:42 +0000 2018,0.0,0.899,0.101,There will be important primaries or runoff elections in 7 states today. Here's what to watch for. https://t.co/VqPDDNccJK,@NYTimes
0.6115,52,Tue Jun 26 16:30:51 +0000 2018,0.0,0.84,0.16,Uber won an appeal to regain its London taxi license. It‚Äôs a victory for efforts by its new chief executive to reva‚Ä¶ https://t.co/QqPB9Hf6Z1,@NYTimes
0.0258,53,Tue Jun 26 16:28:02 +0000 2018,0.059,0.878,0.063,"Sometimes, we leave sex thinking, ‚ÄúWhat exactly just happened?‚Äù We want to hear from you and your experiences with‚Ä¶ https://t.co/2ZeVXhkOPx",@NYTimes
-0.3412,54,Tue Jun 26 16:18:02 +0000 2018,0.124,0.876,0.0,Denmark and France finished their game with the World Cup‚Äôs first 0-0 draw. Fans weren't too pleased. https://t.co/CyYtdHZbTA,@NYTimes
-0.3612,55,Tue Jun 26 16:12:13 +0000 2018,0.179,0.718,0.103,RT @kartpat: How We Created a Virtual Crime Scene to Investigate Syria‚Äôs #ChemicalAttack @nytgraphics #AR #AugmentedReality https://t.co/tE‚Ä¶,@NYTimes
0.1154,56,Tue Jun 26 16:08:08 +0000 2018,0.0,0.925,0.075,"""We must consider not only the statements of a particular President, but also the authority of the Presidency itsel‚Ä¶ https://t.co/hOcFbEYdTF",@NYTimes
-0.5719,57,Tue Jun 26 15:58:06 +0000 2018,0.188,0.812,0.0,"‚ÄúWhy do you hate us?‚Äù a man doing yard work asked.
‚ÄúBecause you‚Äôre Mexicans,‚Äù the woman said.
https://t.co/JYR4GUsuDL",@NYTimes
0.0,58,Tue Jun 26 15:48:07 +0000 2018,0.0,1.0,0.0,The murals started appearing quietly in Paris last week. Now they're confirmed as the work of Banksy ‚Äî and the race‚Ä¶ https://t.co/4Hu0vvtS2p,@NYTimes
0.3182,59,Tue Jun 26 15:38:05 +0000 2018,0.0,0.887,0.113,"Coaching a World Cup team has left less time for Heimir Hallgrimsson‚Äôs original job, looking after people‚Äôs teeth i‚Ä¶ https://t.co/N1VHK5SOvb",@NYTimes
0.7096,60,Tue Jun 26 15:32:37 +0000 2018,0.105,0.544,0.351,"The Supreme Court overruled Korematsu v. United States, which endorsed the detention of Japanese-Americans during W‚Ä¶ https://t.co/BCfSr0Kf3f",@NYTimes
0.0,61,Tue Jun 26 15:28:04 +0000 2018,0.0,1.0,0.0,Meet Colorado‚Äôs new single-issue voters: the cannabis community https://t.co/zSHQXhQnrW,@NYTimes
0.0258,62,Tue Jun 26 15:18:06 +0000 2018,0.209,0.622,0.169,"Reality Winner, the first person prosecuted by the Trump administration on charges of leaking classified informatio‚Ä¶ https://t.co/QpTRtEF5PL",@NYTimes
-0.2023,63,Tue Jun 26 15:10:39 +0000 2018,0.104,0.896,0.0,"RT @UpshotNYT: ‚ÄúIf we were to pay what we need to pay people to make a living in San Francisco, a $10 hamburger would be a $20 hamburger, a‚Ä¶",@NYTimes
0.0,64,Tue Jun 26 14:58:03 +0000 2018,0.0,1.0,0.0,"RT @nytopinion: What if Trump and Putin went on a date? Animator @plymptoons imagines the scene in Episode 2 of ""Trump Bites."" https://t.co‚Ä¶",@NYTimes
-0.4019,65,Tue Jun 26 14:44:09 +0000 2018,0.234,0.632,0.134,"When the Supreme Court heard arguments on President Trump's travel ban, here are some of the questions the justices‚Ä¶ https://t.co/KuYQsHmiin",@NYTimes
0.4404,66,Tue Jun 26 14:38:01 +0000 2018,0.0,0.804,0.196,Some companies are starting to offer student loan payment benefits in response to financial challenges facing young‚Ä¶ https://t.co/WlK8UyPbaQ,@NYTimes
0.0,67,Tue Jun 26 14:34:45 +0000 2018,0.17,0.66,0.17,RT @nytgraphics: The Supreme Court upheld President Trump's travel ban. How the justices voted: https://t.co/9CtvagjiMt https://t.co/6uTTcI‚Ä¶,@NYTimes
0.0,68,Tue Jun 26 14:26:30 +0000 2018,0.149,0.702,0.149,"Breaking News: President Trump‚Äôs travel ban is lawful, the Supreme Court ruled. The 5-4 decision is a major stateme‚Ä¶ https://t.co/C2NPLBrtAz",@NYTimes
-0.3818,69,Tue Jun 26 14:25:32 +0000 2018,0.261,0.588,0.151,"Breaking News: The Supreme Court blocked a California law requiring ""crisis pregnancy centers"" to tell women about‚Ä¶ https://t.co/i1BdTlcHad",@NYTimes
0.0,70,Tue Jun 26 14:18:06 +0000 2018,0.0,1.0,0.0,"RT @taffyakner: I went to the woods because I wanted to live deliberately, but also to visit @jonathan_franzen. My profile @NYTmag is up: h‚Ä¶",@NYTimes
0.0,71,Tue Jun 26 14:10:34 +0000 2018,0.0,1.0,0.0,"When Pedro Cabrita Reis became an international art star, he had few peers from Portugal. His collecting habit help‚Ä¶ https://t.co/cPH9bNgwFK",@NYTimes
0.5859,72,Tue Jun 26 14:00:14 +0000 2018,0.0,0.84,0.16,"Denmark takes on France, and needs a win or draw to advance to the knockout round. Follow here for live updates: https://t.co/hdA4Pw5B2W",@NYTimes
-0.2263,73,Tue Jun 26 13:45:06 +0000 2018,0.091,0.909,0.0,A judge threw out a lawsuit brought by San Francisco and Oakland against fossil fuel companies over the costs of de‚Ä¶ https://t.co/o1KR1RUvxj,@NYTimes
0.0,74,Tue Jun 26 13:31:54 +0000 2018,0.0,1.0,0.0,President Trump has often lauded Harley-Davidson as a U.S. icon and job creator. Now he's lashing out over its plan‚Ä¶ https://t.co/vidnQ15aNi,@NYTimes
-0.4215,75,Tue Jun 26 13:30:08 +0000 2018,0.214,0.677,0.109,"‚ÄúWho is this stupid God?"" The remarks of President Rodrigo Duterte startled even some of his supporters in the Phil‚Ä¶ https://t.co/RVnlIs2T87",@NYTimes
0.4404,76,Tue Jun 26 13:15:02 +0000 2018,0.0,0.868,0.132,"Lindsay Lohan is turning 32 in July. For the first time in her life, she says she feels safe. https://t.co/Nxr3qg4UD8",@NYTimes
0.0,77,Tue Jun 26 13:00:12 +0000 2018,0.0,1.0,0.0,Morning Briefing: Here's what you need to know to start your day https://t.co/DlTkfPsiV3 https://t.co/9FRqQfotwf,@NYTimes
0.0,78,Tue Jun 26 12:45:06 +0000 2018,0.0,1.0,0.0,"A new version of the 1040 income tax form may be postcard-size, but smaller is not necessarily simpler https://t.co/y85VPje5ai",@NYTimes
0.0772,79,Tue Jun 26 12:15:08 +0000 2018,0.093,0.802,0.105,Technology is fast changing how people with disabilities travel. But the advantages often stop at the door of the p‚Ä¶ https://t.co/W9A4OVgfUY,@NYTimes
0.0,80,Tue Jun 26 12:00:06 +0000 2018,0.0,1.0,0.0,This item is the most frequently found type of trash littering our beaches. Can you guess what it is? https://t.co/TFlIzyXHJ9,@NYTimes
-0.34,81,Tue Jun 26 11:45:06 +0000 2018,0.112,0.888,0.0,"So far, the Pawnee Fire has burned thousands of acres in Northern California, razing several homes and forcing hund‚Ä¶ https://t.co/rKN6wKaVYP",@NYTimes
-0.296,82,Tue Jun 26 11:30:13 +0000 2018,0.104,0.896,0.0,No heat. Leaks. Mold and pests. New York City public housing has become synonymous with dilapidation. But it wasn‚Äôt‚Ä¶ https://t.co/9QWo2z4WoE,@NYTimes
0.0,83,Tue Jun 26 11:30:12 +0000 2018,0.0,1.0,0.0,"Jimmy Fallon responds to President Trump: ""You‚Äôre the president! Why are you tweeting at me?‚Äù Our late-night roundu‚Ä¶ https://t.co/A9xSjlRKT2",@NYTimes
0.0,84,Tue Jun 26 11:15:09 +0000 2018,0.0,1.0,0.0,A New York Times investigation found that pregnancy discrimination is systematic and pervasive inside America‚Äôs big‚Ä¶ https://t.co/KZMvzd9Ah1,@NYTimes
0.0,85,Tue Jun 26 11:14:04 +0000 2018,0.0,1.0,0.0,"RT @andrewkeh: There are hundreds of thousands of soccer fans in Russia right now. They must all have a story to tell. Here's one, about wh‚Ä¶",@NYTimes
0.0772,86,Tue Jun 26 11:00:03 +0000 2018,0.0,0.947,0.053,"‚ÄúI see mothers bury their sons,‚Äù Antwon Rose II wrote in a poem. ‚ÄúI want my mom to never feel that pain.‚Äù The poem‚Ä¶ https://t.co/bbPTXD2wwK",@NYTimes
0.0,87,Tue Jun 26 10:45:05 +0000 2018,0.0,1.0,0.0,The group stage of the World Cup is almost over. Here's how teams can advance to the round of 16. https://t.co/HF3UYHhybi,@NYTimes
-0.2263,88,Tue Jun 26 10:30:07 +0000 2018,0.226,0.584,0.191,A rift in the Democratic party has opened over whether stoking anti-Trump outrage is helping or undermining its pro‚Ä¶ https://t.co/PBoDtUsvCs,@NYTimes
0.0,89,Tue Jun 26 10:15:06 +0000 2018,0.0,1.0,0.0,Here are a few things to watch out for today as voters head to the polls in 7 states https://t.co/f5yFw2FO8a,@NYTimes
0.0,90,Tue Jun 26 10:00:08 +0000 2018,0.0,1.0,0.0,Morning Briefing: Here's what you need to know to start your day https://t.co/aeN8TNIbDg https://t.co/LxIAVvILIZ,@NYTimes
-0.6486,91,Tue Jun 26 09:45:03 +0000 2018,0.223,0.777,0.0,"A video showed a woman in California unleashing a diatribe against Mexicans, calling them rapists, animals and drug‚Ä¶ https://t.co/9chAU4wVJj",@NYTimes
0.0,92,Tue Jun 26 09:40:05 +0000 2018,0.0,1.0,0.0,"Who, exactly, is ISIS? That question fuels our podcast ""Caliphate."" The final episode is out, and you can listen to‚Ä¶ https://t.co/tbZshTKDO8",@NYTimes
0.0,93,Tue Jun 26 09:15:05 +0000 2018,0.0,1.0,0.0,Sometimes spiders ride the wind https://t.co/ALoZvV1wi1,@NYTimes
-0.5574,94,Tue Jun 26 09:00:07 +0000 2018,0.267,0.644,0.089,The latest discontented group to upset the Chinese Communist Party's image of dominance? Army veterans. https://t.co/ISJk9G6Lzh,@NYTimes
-0.3875,95,Tue Jun 26 08:43:52 +0000 2018,0.134,0.866,0.0,"""I don't know how it works and I don't care. Never eating instant ramen any other way again."" https://t.co/pZGzyGUHjj",@NYTimes
-0.25,96,Tue Jun 26 08:27:06 +0000 2018,0.111,0.889,0.0,"Erdogan must now face Turkey's troubled economy, but his increasingly authoritarian and anti-Western bent is aliena‚Ä¶ https://t.co/x7gitBjWeX",@NYTimes
0.0,97,Tue Jun 26 08:18:42 +0000 2018,0.0,1.0,0.0,Hedge funds and private-equity firms are pouring money into large personal-injury cases even as scrutiny of the bus‚Ä¶ https://t.co/uaGkMk5nqP,@NYTimes
0.7579,98,Tue Jun 26 08:02:04 +0000 2018,0.0,0.764,0.236,A Sri Lankan port is one of the most vivid examples of China‚Äôs ambitious use of loans and aid to gain influence aro‚Ä¶ https://t.co/CkktD1yVWo,@NYTimes
-0.7184,99,Tue Jun 26 07:46:02 +0000 2018,0.25,0.75,0.0,"RT @nytimesworld: Turkey is facing an array of economic troubles, an increasingly disgruntled populace and troubled relations with its West‚Ä¶",@NYTimes
